,Attribute,Label,Description,Required,Valid Values,Component
ageOnset,ageOnset,AgeOnset,Age in years of the first symptoms,False,,IndividualHuman
ageDeathUnits,ageDeathUnits,AgeDeathUnits,The death age unit of measure,False,"['PCW', 'weeks', 'years', 'days', 'months', 'gestational weeks', '']",IndividualHuman
otherMedicalDX,otherMedicalDX,OtherMedicalDX,TBD,False,,IndividualHuman
ageDeath,ageDeath,AgeDeath,Age of death,False,,IndividualHuman
sexChromosome,sexChromosome,SexChromosome,"Sex identified by SNP genotype (e.g XX, XY)",False,,IndividualHuman
individualIdSource,individualIdSource,IndividualIdSource,Database or repository to which individual ID maps,False,"['Pitt', 'IU', 'ABR', 'PGP', 'Sestan', 'MayoBrainBank', 'NYBB', 'SMRI', 'NDRI', 'Yale', 'NIMH-HBCC', 'LIBD', 'XCell Science', 'ADNI', 'Newcastle', 'Einstein', 'Novogenix', 'UW-CDL', 'Vaccarino', 'Penn', 'MSSM', 'NICHD', 'Pritzker', 'JAX', 'Emory', 'Oxford', 'Geschwind', 'BannerSun', 'Rush', 'StemExpress', 'ABN', 'HBTRC', 'UCSF', 'UCI_TMF', 'BEB_Miller', 'LivingBrainProject_MSSM', 'UM-BTB', 'Mayo Clinic', 'Clotomics_PAIKEA_MSSM', 'TAA', '']",IndividualHuman
Component,Component,Component,TBD,False,,IndividualHuman
race,race,Race,Race,False,"['Asian', 'White', 'Black or African American', 'Native Hawaiian or Other Pacific Islander', 'American Indian or Alaska Native', '']",IndividualHuman
apoeGenotype,apoeGenotype,ApoeGenotype,Apolipoprotein E genotype,False,"['44', '23', '22', '34', '24', '33', '']",IndividualHuman
ethnicity,ethnicity,Ethnicity,Ethnicity of the donor,False,,IndividualHuman
familyHistory,familyHistory,FamilyHistory,Is there a family history of the disorder/disease,False,,IndividualHuman
otherDiagnosis,otherDiagnosis,OtherDiagnosis,TBD,False,,IndividualHuman
PMI,PMI,PMI,Post-mortem interval,False,,IndividualHuman
individualID,individualID,IndividualID,Identifying string linked to the individual or animal being studied,True,,IndividualHuman
primaryDiagnosis,primaryDiagnosis,PrimaryDiagnosis,TBD,False,,IndividualHuman
genotypeInferredAncestry,genotypeInferredAncestry,GenotypeInferredAncestry,Ancestry inferred from the genotype,False,,IndividualHuman
brainWeight,brainWeight,BrainWeight,Weight of brain in grams,False,,IndividualHuman
mannerDeath,mannerDeath,MannerDeath,The determination of how the injury or disease lead to death,False,"['undetermined', 'natural causes', 'accident', 'homicide', 'suicide', '']",IndividualHuman
reportedGender,reportedGender,ReportedGender,Gender as reported by the tissue bank,False,"['female', 'male', 'unknown', '']",IndividualHuman
neuropathDescription,neuropathDescription,NeuropathDescription,Description of neuropathology,False,,IndividualHuman
yearsEducation,yearsEducation,YearsEducation,Years of education starting with kindergarten,False,,IndividualHuman
otherDiagnosisDetail,otherDiagnosisDetail,OtherDiagnosisDetail,TBD,False,,IndividualHuman
species,species,Species,The name of a species (typically a taxonomic group) of organism.,True,"['Human', 'Gallus gallus', 'Sus scrofa', 'Rat', 'Drosophila melanogaster', 'Rhesus macaque', 'Pan troglodytes', 'Mouse']",IndividualHuman
CERAD,CERAD,CERAD,A semiquantitative measure of neuritic plaques,False,,IndividualHuman
primaryDiagnosisDetail,primaryDiagnosisDetail,PrimaryDiagnosisDetail,TBD,False,,IndividualHuman
otherMedicalDXDetail,otherMedicalDXDetail,OtherMedicalDXDetail,TBD,False,,IndividualHuman
PMICertain,PMICertain,PMICertain,"Is PMI certain, i.e. is time of death known (true/false)",False,,IndividualHuman
Braak,Braak,Braak,Braak Stage - a semiquantitative measure of serverity of neurofibrillary tangle pathology,False,,IndividualHuman
pH,pH,PH,A scale used to specify the acidity or basicity of an aqueous or other liquid solution,False,,IndividualHuman
familialRelationship,familialRelationship,FamilialRelationship,Family relationship between individuals in the study,False,"['daughter', 'parent', 'son', 'father', 'mother', 'sibling', 'offspring', '']",IndividualHuman
causeDeath,causeDeath,CauseDeath,The specific injury or disease that lead to death,False,,IndividualHuman
sex,sex,Sex,"Sex assigned at birth, or by sequencing",True,"['female', 'male']",IndividualHuman
parent,parent,Parent,Synapse ID of the folder that data will be uploaded to,True,,IndividualHuman
ageAssessmentUnits,ageAssessmentUnits,AgeAssessmentUnits,Age of assessment units.,False,"['PCW', 'weeks', 'years', 'days', 'months', 'gestational weeks', '']",MRI
individualID,individualID,IndividualID,Identifying string linked to the individual or animal being studied,True,,MRI
Component,Component,Component,TBD,False,,MRI
ageAssessment,ageAssessment,AgeAssessment,Age of clinical or behavioral assessment.,False,,MRI
MRItype,MRItype,MRItype,The type of MRI assay performed.,False,"['structural', 'DTI', 'functional', '']",MRI
platform,platform,Platform,"The specific version (manufacturer, model, etc.) of a technology that is used to carry out a laboratory or computational experiment.",True,"['Affy6.0', 'Infinium Omni2.5Exome-8 v1.3', 'HiSeq3000', 'InfiniumPsychArrayBeadChip', 'Q Exactive', 'IlluminaWholeGenomeDASL', 'Biograph mCT', 'ddSEQ Single-Cell Isolator', 'IlluminaMiSeq', 'MiSeq', 'Q Exactive Plus', 'Illumina_HumanOmni1-Quadv1.0', 'quadrupole time-of-flight', 'NextSeq500', 'NanostringnCounter_MouseADPanel', 'Orbitrap Fusion Lumos', 'Illumina_Omni2.5-8_v1.3', 'Illumina MouseWG-6 v2.0 expression beadchip', 'HiSeq2500', 'orbitrap', 'Biocrates p180', 'HiSeq1000', 'Illumina_h650', 'HiSeqX', 'IlluminaHumanHT-12_V3_0_R1', 'Xevo TQ-S', 'Illumina_Omni5-Quad', 'Infinium Omni2.5Exome-8 v1.4', 'OrbiTrap Fusion', 'PacBio Sequel II', 'Illumina_Omni2.5-8_v1.1', 'LTQOrbitrapXL', 'PsychChip', 'Illumina_1M', 'Olink Target 96', 'IlluminaInfiniumGSAMD-24v2-0', 'SequenomMultiplex', 'Affy5.0', 'HiSeq2000', 'IlluminaMethylationEPIC', 'Illumina_Infinium-HumanMethylation450-BeadChip', 'Affymetrix Human Gene 1.0 ST Array', 'IlluminaHumanHap300', 'Infinium Omni2.5Exome-8 v1.5', 'Illumina_Omni2pt5M', 'Infinium Omni2.5Exome-8 v1.1', 'Perlegen300Karray', 'Illumina_Omni2.5-8', 'Infinium HumanOmniExpressExome', 'Agilent44Karray', 'DNBSEQ', 'Bionano Irys', 'Simoa HD-1 Analyzer', 'Q Exactive HF', 'triple quadrupole', 'IlluminaHumanHap650Yv3_A', 'Signa Premier AIR 3T', 'IlluminaNovaseq6000', 'time-of-flight', 'Xevo G2 QTOF', 'GAIIx', 'HiSeq4000', 'Bruker Avance III', 'AffymetrixU133AB', 'IlluminaHumanMethylation450', 'AffymetrixU133Plus2', 'NanostringnCounter', 'PacBioRSII', 'BGISEQ-500', 'confocalImaging', 'Illumina_Omni5M', 'Illumina NovaSeq 6000']",MRI
contrastAgent,contrastAgent,ContrastAgent,Substance administered during an imaging procedure that allows delineation of internal structures.,False,,MRI
filename,filename,Filename,The name of a file.,False,,MRI
scanID,scanID,ScanID,"The ID of a sample, specimen, or individual in a scan or imaging file.",False,,MRI
fieldStrength,fieldStrength,FieldStrength,"The intensity of an electric, magnetic, or other field. Value should include unit of measurement.",False,,MRI
Component,Component,Component,TBD,False,,SnpArray
GQN,GQN,GQN,Illumina gDNA quality score,False,,SnpArray
specimenID,specimenID,SpecimenID,Identifying string linked to a particular sample or specimen,True,,SnpArray
platform,platform,Platform,"The specific version (manufacturer, model, etc.) of a technology that is used to carry out a laboratory or computational experiment.",True,"['Affy6.0', 'Infinium Omni2.5Exome-8 v1.3', 'HiSeq3000', 'InfiniumPsychArrayBeadChip', 'Q Exactive', 'IlluminaWholeGenomeDASL', 'Biograph mCT', 'ddSEQ Single-Cell Isolator', 'IlluminaMiSeq', 'MiSeq', 'Q Exactive Plus', 'Illumina_HumanOmni1-Quadv1.0', 'quadrupole time-of-flight', 'NextSeq500', 'NanostringnCounter_MouseADPanel', 'Orbitrap Fusion Lumos', 'Illumina_Omni2.5-8_v1.3', 'Illumina MouseWG-6 v2.0 expression beadchip', 'HiSeq2500', 'orbitrap', 'Biocrates p180', 'HiSeq1000', 'Illumina_h650', 'HiSeqX', 'IlluminaHumanHT-12_V3_0_R1', 'Xevo TQ-S', 'Illumina_Omni5-Quad', 'Infinium Omni2.5Exome-8 v1.4', 'OrbiTrap Fusion', 'PacBio Sequel II', 'Illumina_Omni2.5-8_v1.1', 'LTQOrbitrapXL', 'PsychChip', 'Illumina_1M', 'Olink Target 96', 'IlluminaInfiniumGSAMD-24v2-0', 'SequenomMultiplex', 'Affy5.0', 'HiSeq2000', 'IlluminaMethylationEPIC', 'Illumina_Infinium-HumanMethylation450-BeadChip', 'Affymetrix Human Gene 1.0 ST Array', 'IlluminaHumanHap300', 'Infinium Omni2.5Exome-8 v1.5', 'Illumina_Omni2pt5M', 'Infinium Omni2.5Exome-8 v1.1', 'Perlegen300Karray', 'Illumina_Omni2.5-8', 'Infinium HumanOmniExpressExome', 'Agilent44Karray', 'DNBSEQ', 'Bionano Irys', 'Simoa HD-1 Analyzer', 'Q Exactive HF', 'triple quadrupole', 'IlluminaHumanHap650Yv3_A', 'Signa Premier AIR 3T', 'IlluminaNovaseq6000', 'time-of-flight', 'Xevo G2 QTOF', 'GAIIx', 'HiSeq4000', 'Bruker Avance III', 'AffymetrixU133AB', 'IlluminaHumanMethylation450', 'AffymetrixU133Plus2', 'NanostringnCounter', 'PacBioRSII', 'BGISEQ-500', 'confocalImaging', 'Illumina_Omni5M', 'Illumina NovaSeq 6000']",SnpArray
ratio260over280,ratio260over280,Ratio260over280,Measure of DNA vs. RNA purity. Range up to approximately 2.0.,False,,SnpArray
ratio260over230,ratio260over230,Ratio260over230,Ratio of absorbance at 230 nm and 260 nm. Measures protein or other contaminants. Range up to approximately 2.2.,False,,SnpArray
arrayBatch,arrayBatch,ArrayBatch,The hybridization batch the sample was in,False,,SnpArray
dnaBatch,dnaBatch,DnaBatch,DNA isolation batch,False,,SnpArray
tissueWeight,tissueWeight,TissueWeight,Mass of tissue specimen in mg,False,,BiospecimenDrosophila
bodyPart,bodyPart,BodyPart,Named areas of the body.,False,"['head', '']",BiospecimenDrosophila
nucleicAcidSource,nucleicAcidSource,NucleicAcidSource,TBD,False,"['cfDNA', 'sorted cells', 'single nucleus', 'single cell', 'sorted nuclei', 'bulk nuclei', 'bulk cell', 'mitochondria', '']",BiospecimenDrosophila
Component,Component,Component,TBD,False,,BiospecimenDrosophila
nMale,nMale,NMale,Number of male individuals in a pooled Drosophila sample,False,,BiospecimenDrosophila
ageDays,ageDays,AgeDays,Average age in days of the Drosophila individuals in the sample,False,,BiospecimenDrosophila
nFemale,nFemale,NFemale,Number of female individuals in a pooled Drosophila sample,False,,BiospecimenDrosophila
temperature,temperature,Temperature,Temperature in Celsius (C) relevant to specimen or experimental condition,False,,BiospecimenDrosophila
specimenID,specimenID,SpecimenID,Identifying string linked to a particular sample or specimen,True,,BiospecimenDrosophila
genotype,genotype,Genotype,Genotype common name,False,,BiospecimenDrosophila
nIndividuals,nIndividuals,NIndividuals,Number of individuals in a pooled Drosophila sample,False,,BiospecimenDrosophila
Component,Component,Component,TBD,False,,MethylationArray
SentrixRowColumn,SentrixRowColumn,SentrixRowColumn,Position of sample on BeadChip in Illumina array-based assay,False,,MethylationArray
GQN,GQN,GQN,Illumina gDNA quality score,False,,MethylationArray
SentrixID,SentrixID,SentrixID,BeadChip ID in Illumina array-based assay,False,,MethylationArray
specimenID,specimenID,SpecimenID,Identifying string linked to a particular sample or specimen,True,,MethylationArray
platform,platform,Platform,"The specific version (manufacturer, model, etc.) of a technology that is used to carry out a laboratory or computational experiment.",True,"['Affy6.0', 'Infinium Omni2.5Exome-8 v1.3', 'HiSeq3000', 'InfiniumPsychArrayBeadChip', 'Q Exactive', 'IlluminaWholeGenomeDASL', 'Biograph mCT', 'ddSEQ Single-Cell Isolator', 'IlluminaMiSeq', 'MiSeq', 'Q Exactive Plus', 'Illumina_HumanOmni1-Quadv1.0', 'quadrupole time-of-flight', 'NextSeq500', 'NanostringnCounter_MouseADPanel', 'Orbitrap Fusion Lumos', 'Illumina_Omni2.5-8_v1.3', 'Illumina MouseWG-6 v2.0 expression beadchip', 'HiSeq2500', 'orbitrap', 'Biocrates p180', 'HiSeq1000', 'Illumina_h650', 'HiSeqX', 'IlluminaHumanHT-12_V3_0_R1', 'Xevo TQ-S', 'Illumina_Omni5-Quad', 'Infinium Omni2.5Exome-8 v1.4', 'OrbiTrap Fusion', 'PacBio Sequel II', 'Illumina_Omni2.5-8_v1.1', 'LTQOrbitrapXL', 'PsychChip', 'Illumina_1M', 'Olink Target 96', 'IlluminaInfiniumGSAMD-24v2-0', 'SequenomMultiplex', 'Affy5.0', 'HiSeq2000', 'IlluminaMethylationEPIC', 'Illumina_Infinium-HumanMethylation450-BeadChip', 'Affymetrix Human Gene 1.0 ST Array', 'IlluminaHumanHap300', 'Infinium Omni2.5Exome-8 v1.5', 'Illumina_Omni2pt5M', 'Infinium Omni2.5Exome-8 v1.1', 'Perlegen300Karray', 'Illumina_Omni2.5-8', 'Infinium HumanOmniExpressExome', 'Agilent44Karray', 'DNBSEQ', 'Bionano Irys', 'Simoa HD-1 Analyzer', 'Q Exactive HF', 'triple quadrupole', 'IlluminaHumanHap650Yv3_A', 'Signa Premier AIR 3T', 'IlluminaNovaseq6000', 'time-of-flight', 'Xevo G2 QTOF', 'GAIIx', 'HiSeq4000', 'Bruker Avance III', 'AffymetrixU133AB', 'IlluminaHumanMethylation450', 'AffymetrixU133Plus2', 'NanostringnCounter', 'PacBioRSII', 'BGISEQ-500', 'confocalImaging', 'Illumina_Omni5M', 'Illumina NovaSeq 6000']",MethylationArray
ratio260over280,ratio260over280,Ratio260over280,Measure of DNA vs. RNA purity. Range up to approximately 2.0.,False,,MethylationArray
ratio260over230,ratio260over230,Ratio260over230,Ratio of absorbance at 230 nm and 260 nm. Measures protein or other contaminants. Range up to approximately 2.2.,False,,MethylationArray
arrayBatch,arrayBatch,ArrayBatch,The hybridization batch the sample was in,False,,MethylationArray
dnaBatch,dnaBatch,DnaBatch,DNA isolation batch,False,,MethylationArray
RIN,RIN,RIN,RNA Integrity Number,False,,RnaSeq
readStrandOrigin,readStrandOrigin,ReadStrandOrigin,The strand from which the read originates in a strand-specific protocol,False,"['forward', 'reverse', '']",RnaSeq
libraryPreparationMethod,libraryPreparationMethod,LibraryPreparationMethod,Method by which library was prepared,False,"['Smart-seq1', 'Smart-seq2', 'NEBNext', 'TruSeq', 'Drop-Seq', 'NexteraXT', '10x', 'CEL-seq', 'Accel-NGS 2S Plus', 'SMRTbell', 'sac-seq', 'Smart-seq4', 'Omni-ATAC', '']",RnaSeq
Component,Component,Component,TBD,False,,RnaSeq
libraryID,libraryID,LibraryID,Library ID as provided by the lab,False,,RnaSeq
rnaBatch,rnaBatch,RnaBatch,Batch in which RNA sample was isolated,False,,RnaSeq
validBarcodeReads,validBarcodeReads,ValidBarcodeReads,Fraction of reads with cell barcodes that match the whitelist,False,,RnaSeq
sequencingBatch,sequencingBatch,SequencingBatch,Batch library was sequenced in,False,,RnaSeq
specimenID,specimenID,SpecimenID,Identifying string linked to a particular sample or specimen,True,,RnaSeq
platform,platform,Platform,"The specific version (manufacturer, model, etc.) of a technology that is used to carry out a laboratory or computational experiment.",True,"['Affy6.0', 'Infinium Omni2.5Exome-8 v1.3', 'HiSeq3000', 'InfiniumPsychArrayBeadChip', 'Q Exactive', 'IlluminaWholeGenomeDASL', 'Biograph mCT', 'ddSEQ Single-Cell Isolator', 'IlluminaMiSeq', 'MiSeq', 'Q Exactive Plus', 'Illumina_HumanOmni1-Quadv1.0', 'quadrupole time-of-flight', 'NextSeq500', 'NanostringnCounter_MouseADPanel', 'Orbitrap Fusion Lumos', 'Illumina_Omni2.5-8_v1.3', 'Illumina MouseWG-6 v2.0 expression beadchip', 'HiSeq2500', 'orbitrap', 'Biocrates p180', 'HiSeq1000', 'Illumina_h650', 'HiSeqX', 'IlluminaHumanHT-12_V3_0_R1', 'Xevo TQ-S', 'Illumina_Omni5-Quad', 'Infinium Omni2.5Exome-8 v1.4', 'OrbiTrap Fusion', 'PacBio Sequel II', 'Illumina_Omni2.5-8_v1.1', 'LTQOrbitrapXL', 'PsychChip', 'Illumina_1M', 'Olink Target 96', 'IlluminaInfiniumGSAMD-24v2-0', 'SequenomMultiplex', 'Affy5.0', 'HiSeq2000', 'IlluminaMethylationEPIC', 'Illumina_Infinium-HumanMethylation450-BeadChip', 'Affymetrix Human Gene 1.0 ST Array', 'IlluminaHumanHap300', 'Infinium Omni2.5Exome-8 v1.5', 'Illumina_Omni2pt5M', 'Infinium Omni2.5Exome-8 v1.1', 'Perlegen300Karray', 'Illumina_Omni2.5-8', 'Infinium HumanOmniExpressExome', 'Agilent44Karray', 'DNBSEQ', 'Bionano Irys', 'Simoa HD-1 Analyzer', 'Q Exactive HF', 'triple quadrupole', 'IlluminaHumanHap650Yv3_A', 'Signa Premier AIR 3T', 'IlluminaNovaseq6000', 'time-of-flight', 'Xevo G2 QTOF', 'GAIIx', 'HiSeq4000', 'Bruker Avance III', 'AffymetrixU133AB', 'IlluminaHumanMethylation450', 'AffymetrixU133Plus2', 'NanostringnCounter', 'PacBioRSII', 'BGISEQ-500', 'confocalImaging', 'Illumina_Omni5M', 'Illumina NovaSeq 6000']",RnaSeq
referenceSet,referenceSet,ReferenceSet,"A set of references (e.g., canonical assembled contigs) which defines a common coordinate space for comparing reference-aligned experimental data.",False,"['MMUL1.0', 'GRCh38', 'GRCh37', '1000 Genomes phase 3', 'HRC', '']",RnaSeq
libraryVersion,libraryVersion,LibraryVersion,"Library Version: for example, rnaSeq 10x library version",False,,RnaSeq
isStranded,isStranded,IsStranded,Whether or not the library is stranded.,False,,RnaSeq
readLength,readLength,ReadLength,The length of the read,True,,RnaSeq
totalReads,totalReads,TotalReads,Total number of sequencing reads from a library,False,,RnaSeq
libraryPrep,libraryPrep,LibraryPrep,The general strategy by which the library was prepared,True,"['KapaHyperPrep', 'polyAselection', 'DNALibraryConstruction', 'EndItDNAEndRepairKit', 'proximity ligation', 'cellHashing', 'miRNAenrichment', 'STARRSeqPrepMethod', 'SureCell', 'SPLITseq', 'lncRNAenrichment', 'MULTIseq', 'rRNAdepletion', 'amplicon', 'totalRNA', 'PCRfree']",RnaSeq
runType,runType,RunType,TBD,True,"['singleEnd', 'pairedEnd']",RnaSeq
libraryBatch,libraryBatch,LibraryBatch,Batch library was prepared in,False,,RnaSeq
fragmentation,fragmentation,Fragmentation,Specifies the mode by which MS2 and MS3 ions are generated,False,,TMTquantitation
controlType,controlType,ControlType,Control samples suitable for normalization and batch correction,False,"['study pool', 'NIST SRM 1950', 'GIS', 'Baker pool', 'GoldenWest', 'AIBL pool', 'water plus Baker ISTD', '']",TMTquantitation
Component,Component,Component,TBD,False,,TMTquantitation
TMTType,TMTType,TMTType,Specifies how TMT reporter ions are quantified,False,,TMTquantitation
batch,batch,Batch,Batch specimen was processed in,False,,TMTquantitation
specimenID,specimenID,SpecimenID,Identifying string linked to a particular sample or specimen,True,,TMTquantitation
platform,platform,Platform,"The specific version (manufacturer, model, etc.) of a technology that is used to carry out a laboratory or computational experiment.",True,"['Affy6.0', 'Infinium Omni2.5Exome-8 v1.3', 'HiSeq3000', 'InfiniumPsychArrayBeadChip', 'Q Exactive', 'IlluminaWholeGenomeDASL', 'Biograph mCT', 'ddSEQ Single-Cell Isolator', 'IlluminaMiSeq', 'MiSeq', 'Q Exactive Plus', 'Illumina_HumanOmni1-Quadv1.0', 'quadrupole time-of-flight', 'NextSeq500', 'NanostringnCounter_MouseADPanel', 'Orbitrap Fusion Lumos', 'Illumina_Omni2.5-8_v1.3', 'Illumina MouseWG-6 v2.0 expression beadchip', 'HiSeq2500', 'orbitrap', 'Biocrates p180', 'HiSeq1000', 'Illumina_h650', 'HiSeqX', 'IlluminaHumanHT-12_V3_0_R1', 'Xevo TQ-S', 'Illumina_Omni5-Quad', 'Infinium Omni2.5Exome-8 v1.4', 'OrbiTrap Fusion', 'PacBio Sequel II', 'Illumina_Omni2.5-8_v1.1', 'LTQOrbitrapXL', 'PsychChip', 'Illumina_1M', 'Olink Target 96', 'IlluminaInfiniumGSAMD-24v2-0', 'SequenomMultiplex', 'Affy5.0', 'HiSeq2000', 'IlluminaMethylationEPIC', 'Illumina_Infinium-HumanMethylation450-BeadChip', 'Affymetrix Human Gene 1.0 ST Array', 'IlluminaHumanHap300', 'Infinium Omni2.5Exome-8 v1.5', 'Illumina_Omni2pt5M', 'Infinium Omni2.5Exome-8 v1.1', 'Perlegen300Karray', 'Illumina_Omni2.5-8', 'Infinium HumanOmniExpressExome', 'Agilent44Karray', 'DNBSEQ', 'Bionano Irys', 'Simoa HD-1 Analyzer', 'Q Exactive HF', 'triple quadrupole', 'IlluminaHumanHap650Yv3_A', 'Signa Premier AIR 3T', 'IlluminaNovaseq6000', 'time-of-flight', 'Xevo G2 QTOF', 'GAIIx', 'HiSeq4000', 'Bruker Avance III', 'AffymetrixU133AB', 'IlluminaHumanMethylation450', 'AffymetrixU133Plus2', 'NanostringnCounter', 'PacBioRSII', 'BGISEQ-500', 'confocalImaging', 'Illumina_Omni5M', 'Illumina NovaSeq 6000']",TMTquantitation
resolution,resolution,Resolution,Minimum nominal mass-over-charge (m/z) difference detectable,False,,TMTquantitation
multiconsensusStudyFileID,multiconsensusStudyFileID,MulticonsensusStudyFileID,"F-number assigned by Termo Proteome Discoverer software to different batches (plexes) of RAW (direct Thermo mass spectrometer output) files (F01, F02, etc.)",False,,TMTquantitation
batchChannel,batchChannel,BatchChannel,TMT channel the sample is labeled with,False,,TMTquantitation
organ,organ,Organ,A unique macroscopic (gross) anatomic structure that performs specific functions. It is composed of various tissues. An organ is part of an anatomic system or a body region.,True,"['nerves', 'brain', 'kidney', 'large intestine', 'mammary gland', 'prostate', 'liver', 'Bursa Of Fabricius', 'colon', 'breast', 'ovary', 'lymph node', 'bone marrow', 'spleen', 'lung', 'blood', 'pancreas', 'cerebrospinal fluid', 'skin', 'nose']",Biospecimen
tissue,tissue,Tissue,A tissue is a mereologically maximal collection of cells that together perform physiological function.,True,"['parietal lobe', 'subgenual anterior cingulate cortex', 'inferolateral temporal cortex', 'unspecified', 'serum', 'meninges', 'Buffy Coat', 'posterior cingulate cortex', 'temporal pole', 'ventricular zone', 'forebrain', 'insula', 'ventrolateral prefrontal cortex', 'medial prefrontal cortex', 'middle temporal gyrus', 'dorsomedial prefrontal cortex', 'Dorsal Root Ganglion', 'fusiform gyrus', 'thalamus', 'posteroinferior parietal cortex', 'medial ganglionic eminence', 'amygdala', 'precentral gyrus', 'posterior superior temporal cortex', 'prefrontal cortex', 'inferior temporal gyrus', 'orbitofrontal cortex', 'frontal lobe', 'hippocampus', 'medial frontal cortex', 'temporal lobe', 'frontal pole', 'parietal cortex', 'caudate nucleus', 'blood', 'cecum derived fecal material', 'left cerebral hemisphere', 'putamen', 'VZ/SVZ', 'primary auditory cortex', 'embryonic tissue', 'whole brain', 'posterior inferior parietal cortex', 'liver', 'Not Applicable', 'temporal cortex', 'dorsolateral prefrontal cortex', 'superior parietal lobe', 'medial orbital frontal cortex', 'fecal material', 'parahippocampal gyrus', 'frontal cortex', 'striatum', 'dorsal pallium', 'occipital visual cortex', 'subgenual cingulate cortex', 'splenocyte', 'insular cortex', 'right cerebral hemisphere', 'head of caudate nucleus', 'cerebellum', 'cortical plate', 'primary visual cortex', 'amygdaloid complex', 'middle frontal gyrus', 'Buccal Mucosa', 'nucleus accumbens', 'occipital lobe', 'bone marrow', 'anterior cingulate cortex', 'primary motor cortex', 'primary tumor', 'cerebral cortex', 'medial dorsal nucleus of thalamus', 'primary somatosensory cortex', 'inferior frontal gyrus', 'plasma', 'superior temporal gyrus', 'nerve tissue', 'inferior temporal cortex', 'midbrain', 'olfactory neuroepithelium', 'cerebellar cortex']",Biospecimen
samplingAge,samplingAge,SamplingAge,Age of the individual when the sample was taken,False,,Biospecimen
nucleicAcidSource,nucleicAcidSource,NucleicAcidSource,TBD,False,"['cfDNA', 'sorted cells', 'single nucleus', 'single cell', 'sorted nuclei', 'bulk nuclei', 'bulk cell', 'mitochondria', '']",Biospecimen
individualID,individualID,IndividualID,Identifying string linked to the individual or animal being studied,True,,Biospecimen
Component,Component,Component,TBD,False,,Biospecimen
sampleStatus,sampleStatus,SampleStatus,Conditions under which sample is kept,False,"['formalin-fixed', 'fresh', 'frozen', 'paxgene', '']",Biospecimen
isPostMortem,isPostMortem,IsPostMortem,Was the sample taken after death (true/false),False,,Biospecimen
samplingAgeUnits,samplingAgeUnits,SamplingAgeUnits,Age at sampling units.,False,"['PCW', 'weeks', 'years', 'days', 'months', 'gestational weeks', '']",Biospecimen
cellType,cellType,CellType,A cell type is a distinct morphological or functional form of cell.,False,"['B-lymphocytes', 'Schwannoma', 'epithelial', 'oligodendrocyte', 'epithelial-like', 'round', 'schwann', 'fibroblast', 'NeuN-', 'lymphoblast', 'neuron', 'monocytes', 'Meningioma', 'CD138+', 'iPSC-derived telencephalic organoids', 'peripheral blood mononuclear cell', 'dopaminergic neurons', 'iPSC-derived neuronal progenitor cell', 'iPSC-derived neuron', 'Embryonic stem cells', 'monocyte-derived microglia', 'iPSC', 'SH-SY5Y', 'Schwann cell precusor', 'arachnoid', 'A549', 'immune cell', 'microglia', 'NeuN+', 'neural progenitor cell', 'iPSC-derived astrocytes', 'macrophages', 'CD8+ T-Cells', 'NCX NES', 'polygonal', 'astrocytes', 'GLUtamatergic neurons', 'iPSC-derived glia', 'GABAergic neurons', 'CNON', 'lymphoblastoid cell line', '']",Biospecimen
fastingState,fastingState,FastingState,Was individual fasting when sample was taken (true/false)?,False,,Biospecimen
visitNumber,visitNumber,VisitNumber,"For clinical trials or longitudinal studies, the visit number when the sample was collected",False,,Biospecimen
specimenIdSource,specimenIdSource,SpecimenIdSource,"The repository or database to which a specimenID maps; or, the group or lab that generated the specimen. For cell culture studies, the commercial source or lab that generated the cells.",False,,Biospecimen
specimenID,specimenID,SpecimenID,Identifying string linked to a particular sample or specimen,True,,Biospecimen
BrodmannArea,BrodmannArea,BrodmannArea,A segmentation of the cerebral cortex on the basis of cytoarchitecture,False,,Biospecimen
libraryPreparationMethod,libraryPreparationMethod,LibraryPreparationMethod,Method by which library was prepared,False,"['Smart-seq1', 'Smart-seq2', 'NEBNext', 'TruSeq', 'Drop-Seq', 'NexteraXT', '10x', 'CEL-seq', 'Accel-NGS 2S Plus', 'SMRTbell', 'sac-seq', 'Smart-seq4', 'Omni-ATAC', '']",HIC
Component,Component,Component,TBD,False,,HIC
validHiCContacts,validHiCContacts,ValidHiCContacts,Percentage of reads as valid Hi-C interactions (QC metric),False,,HIC
libraryID,libraryID,LibraryID,Library ID as provided by the lab,False,,HIC
sequencingBatch,sequencingBatch,SequencingBatch,Batch library was sequenced in,False,,HIC
specimenID,specimenID,SpecimenID,Identifying string linked to a particular sample or specimen,True,,HIC
platform,platform,Platform,"The specific version (manufacturer, model, etc.) of a technology that is used to carry out a laboratory or computational experiment.",True,"['Affy6.0', 'Infinium Omni2.5Exome-8 v1.3', 'HiSeq3000', 'InfiniumPsychArrayBeadChip', 'Q Exactive', 'IlluminaWholeGenomeDASL', 'Biograph mCT', 'ddSEQ Single-Cell Isolator', 'IlluminaMiSeq', 'MiSeq', 'Q Exactive Plus', 'Illumina_HumanOmni1-Quadv1.0', 'quadrupole time-of-flight', 'NextSeq500', 'NanostringnCounter_MouseADPanel', 'Orbitrap Fusion Lumos', 'Illumina_Omni2.5-8_v1.3', 'Illumina MouseWG-6 v2.0 expression beadchip', 'HiSeq2500', 'orbitrap', 'Biocrates p180', 'HiSeq1000', 'Illumina_h650', 'HiSeqX', 'IlluminaHumanHT-12_V3_0_R1', 'Xevo TQ-S', 'Illumina_Omni5-Quad', 'Infinium Omni2.5Exome-8 v1.4', 'OrbiTrap Fusion', 'PacBio Sequel II', 'Illumina_Omni2.5-8_v1.1', 'LTQOrbitrapXL', 'PsychChip', 'Illumina_1M', 'Olink Target 96', 'IlluminaInfiniumGSAMD-24v2-0', 'SequenomMultiplex', 'Affy5.0', 'HiSeq2000', 'IlluminaMethylationEPIC', 'Illumina_Infinium-HumanMethylation450-BeadChip', 'Affymetrix Human Gene 1.0 ST Array', 'IlluminaHumanHap300', 'Infinium Omni2.5Exome-8 v1.5', 'Illumina_Omni2pt5M', 'Infinium Omni2.5Exome-8 v1.1', 'Perlegen300Karray', 'Illumina_Omni2.5-8', 'Infinium HumanOmniExpressExome', 'Agilent44Karray', 'DNBSEQ', 'Bionano Irys', 'Simoa HD-1 Analyzer', 'Q Exactive HF', 'triple quadrupole', 'IlluminaHumanHap650Yv3_A', 'Signa Premier AIR 3T', 'IlluminaNovaseq6000', 'time-of-flight', 'Xevo G2 QTOF', 'GAIIx', 'HiSeq4000', 'Bruker Avance III', 'AffymetrixU133AB', 'IlluminaHumanMethylation450', 'AffymetrixU133Plus2', 'NanostringnCounter', 'PacBioRSII', 'BGISEQ-500', 'confocalImaging', 'Illumina_Omni5M', 'Illumina NovaSeq 6000']",HIC
referenceSet,referenceSet,ReferenceSet,"A set of references (e.g., canonical assembled contigs) which defines a common coordinate space for comparing reference-aligned experimental data.",False,"['MMUL1.0', 'GRCh38', 'GRCh37', '1000 Genomes phase 3', 'HRC', '']",HIC
pcrCycles,pcrCycles,PcrCycles,Number of PCR cycles to amplify transposased DNA fragments,False,,HIC
readLength,readLength,ReadLength,The length of the read,True,,HIC
totalReads,totalReads,TotalReads,Total number of sequencing reads from a library,False,,HIC
libraryPrep,libraryPrep,LibraryPrep,The general strategy by which the library was prepared,True,"['KapaHyperPrep', 'polyAselection', 'DNALibraryConstruction', 'EndItDNAEndRepairKit', 'proximity ligation', 'cellHashing', 'miRNAenrichment', 'STARRSeqPrepMethod', 'SureCell', 'SPLITseq', 'lncRNAenrichment', 'MULTIseq', 'rRNAdepletion', 'amplicon', 'totalRNA', 'PCRfree']",HIC
runType,runType,RunType,TBD,True,"['singleEnd', 'pairedEnd']",HIC
libraryBatch,libraryBatch,LibraryBatch,Batch library was prepared in,False,,HIC
libraryID,libraryID,LibraryID,Library ID as provided by the lab,False,,ScrnaSeq
referenceSet,referenceSet,ReferenceSet,"A set of references (e.g., canonical assembled contigs) which defines a common coordinate space for comparing reference-aligned experimental data.",False,"['MMUL1.0', 'GRCh38', 'GRCh37', '1000 Genomes phase 3', 'HRC', '']",ScrnaSeq
sampleBarcode,sampleBarcode,SampleBarcode,The nucleotide sequence of the sample barcode used to identify cells from a single sample in cell hashing or multiplexing assays.,False,,ScrnaSeq
Component,Component,Component,TBD,False,,ScrnaSeq
sequencingBatch,sequencingBatch,SequencingBatch,Batch library was sequenced in,False,,ScrnaSeq
specimenID,specimenID,SpecimenID,Identifying string linked to a particular sample or specimen,True,,ScrnaSeq
medianUMIs,medianUMIs,MedianUMIs,The median number of total Unique Molecular Identifier (UMI) counts across all cell-associated barcodes,False,,ScrnaSeq
totalReads,totalReads,TotalReads,Total number of sequencing reads from a library,False,,ScrnaSeq
libraryPrep,libraryPrep,LibraryPrep,The general strategy by which the library was prepared,True,"['KapaHyperPrep', 'polyAselection', 'DNALibraryConstruction', 'EndItDNAEndRepairKit', 'proximity ligation', 'cellHashing', 'miRNAenrichment', 'STARRSeqPrepMethod', 'SureCell', 'SPLITseq', 'lncRNAenrichment', 'MULTIseq', 'rRNAdepletion', 'amplicon', 'totalRNA', 'PCRfree']",ScrnaSeq
numberCells,numberCells,NumberCells,Number of cells or nuclei sequenced,False,,ScrnaSeq
libraryBatch,libraryBatch,LibraryBatch,Batch library was prepared in,False,,ScrnaSeq
medianGenes,medianGenes,MedianGenes,The median number of genes detected (with nonzero UMI counts) across all cell-associated barcodes,False,,ScrnaSeq
RIN,RIN,RIN,RNA Integrity Number,False,,ScrnaSeq
readLength,readLength,ReadLength,The length of the read,True,,ScrnaSeq
isStranded,isStranded,IsStranded,Whether or not the library is stranded.,False,,ScrnaSeq
runType,runType,RunType,TBD,True,"['singleEnd', 'pairedEnd']",ScrnaSeq
readStrandOrigin,readStrandOrigin,ReadStrandOrigin,The strand from which the read originates in a strand-specific protocol,False,"['forward', 'reverse', '']",ScrnaSeq
libraryPreparationMethod,libraryPreparationMethod,LibraryPreparationMethod,Method by which library was prepared,False,"['Smart-seq1', 'Smart-seq2', 'NEBNext', 'TruSeq', 'Drop-Seq', 'NexteraXT', '10x', 'CEL-seq', 'Accel-NGS 2S Plus', 'SMRTbell', 'sac-seq', 'Smart-seq4', 'Omni-ATAC', '']",ScrnaSeq
rnaBatch,rnaBatch,RnaBatch,Batch in which RNA sample was isolated,False,,ScrnaSeq
libraryType,libraryType,LibraryType,"The type of library, in assays where samples are barcoded or hashed for multiplexing or each sample has multiple libraries amplified separately before pooled sequencing.",False,"['LMO', 'ADT', 'HTO', 'plasmid DNA', 'cDNA', 'CMO', '']",ScrnaSeq
validBarcodeReads,validBarcodeReads,ValidBarcodeReads,Fraction of reads with cell barcodes that match the whitelist,False,,ScrnaSeq
libraryVersion,libraryVersion,LibraryVersion,"Library Version: for example, rnaSeq 10x library version",False,,ScrnaSeq
platform,platform,Platform,"The specific version (manufacturer, model, etc.) of a technology that is used to carry out a laboratory or computational experiment.",True,"['Affy6.0', 'Infinium Omni2.5Exome-8 v1.3', 'HiSeq3000', 'InfiniumPsychArrayBeadChip', 'Q Exactive', 'IlluminaWholeGenomeDASL', 'Biograph mCT', 'ddSEQ Single-Cell Isolator', 'IlluminaMiSeq', 'MiSeq', 'Q Exactive Plus', 'Illumina_HumanOmni1-Quadv1.0', 'quadrupole time-of-flight', 'NextSeq500', 'NanostringnCounter_MouseADPanel', 'Orbitrap Fusion Lumos', 'Illumina_Omni2.5-8_v1.3', 'Illumina MouseWG-6 v2.0 expression beadchip', 'HiSeq2500', 'orbitrap', 'Biocrates p180', 'HiSeq1000', 'Illumina_h650', 'HiSeqX', 'IlluminaHumanHT-12_V3_0_R1', 'Xevo TQ-S', 'Illumina_Omni5-Quad', 'Infinium Omni2.5Exome-8 v1.4', 'OrbiTrap Fusion', 'PacBio Sequel II', 'Illumina_Omni2.5-8_v1.1', 'LTQOrbitrapXL', 'PsychChip', 'Illumina_1M', 'Olink Target 96', 'IlluminaInfiniumGSAMD-24v2-0', 'SequenomMultiplex', 'Affy5.0', 'HiSeq2000', 'IlluminaMethylationEPIC', 'Illumina_Infinium-HumanMethylation450-BeadChip', 'Affymetrix Human Gene 1.0 ST Array', 'IlluminaHumanHap300', 'Infinium Omni2.5Exome-8 v1.5', 'Illumina_Omni2pt5M', 'Infinium Omni2.5Exome-8 v1.1', 'Perlegen300Karray', 'Illumina_Omni2.5-8', 'Infinium HumanOmniExpressExome', 'Agilent44Karray', 'DNBSEQ', 'Bionano Irys', 'Simoa HD-1 Analyzer', 'Q Exactive HF', 'triple quadrupole', 'IlluminaHumanHap650Yv3_A', 'Signa Premier AIR 3T', 'IlluminaNovaseq6000', 'time-of-flight', 'Xevo G2 QTOF', 'GAIIx', 'HiSeq4000', 'Bruker Avance III', 'AffymetrixU133AB', 'IlluminaHumanMethylation450', 'AffymetrixU133Plus2', 'NanostringnCounter', 'PacBioRSII', 'BGISEQ-500', 'confocalImaging', 'Illumina_Omni5M', 'Illumina NovaSeq 6000']",ScrnaSeq
readStrandOrigin,readStrandOrigin,ReadStrandOrigin,The strand from which the read originates in a strand-specific protocol,False,"['forward', 'reverse', '']",ATACSeq
transposaseBatch,transposaseBatch,TransposaseBatch,Transposition reaction batch,False,,ATACSeq
libraryPreparationMethod,libraryPreparationMethod,LibraryPreparationMethod,Method by which library was prepared,False,"['Smart-seq1', 'Smart-seq2', 'NEBNext', 'TruSeq', 'Drop-Seq', 'NexteraXT', '10x', 'CEL-seq', 'Accel-NGS 2S Plus', 'SMRTbell', 'sac-seq', 'Smart-seq4', 'Omni-ATAC', '']",ATACSeq
Component,Component,Component,TBD,False,,ATACSeq
meanCoverage,meanCoverage,MeanCoverage,Total number of bases covered by ATAC-seq reads/size of genome,False,,ATACSeq
libraryID,libraryID,LibraryID,Library ID as provided by the lab,False,,ATACSeq
meanGCContent,meanGCContent,MeanGCContent,Mean GC content per sample,False,,ATACSeq
sequencingBatch,sequencingBatch,SequencingBatch,Batch library was sequenced in,False,,ATACSeq
specimenID,specimenID,SpecimenID,Identifying string linked to a particular sample or specimen,True,,ATACSeq
platform,platform,Platform,"The specific version (manufacturer, model, etc.) of a technology that is used to carry out a laboratory or computational experiment.",True,"['Affy6.0', 'Infinium Omni2.5Exome-8 v1.3', 'HiSeq3000', 'InfiniumPsychArrayBeadChip', 'Q Exactive', 'IlluminaWholeGenomeDASL', 'Biograph mCT', 'ddSEQ Single-Cell Isolator', 'IlluminaMiSeq', 'MiSeq', 'Q Exactive Plus', 'Illumina_HumanOmni1-Quadv1.0', 'quadrupole time-of-flight', 'NextSeq500', 'NanostringnCounter_MouseADPanel', 'Orbitrap Fusion Lumos', 'Illumina_Omni2.5-8_v1.3', 'Illumina MouseWG-6 v2.0 expression beadchip', 'HiSeq2500', 'orbitrap', 'Biocrates p180', 'HiSeq1000', 'Illumina_h650', 'HiSeqX', 'IlluminaHumanHT-12_V3_0_R1', 'Xevo TQ-S', 'Illumina_Omni5-Quad', 'Infinium Omni2.5Exome-8 v1.4', 'OrbiTrap Fusion', 'PacBio Sequel II', 'Illumina_Omni2.5-8_v1.1', 'LTQOrbitrapXL', 'PsychChip', 'Illumina_1M', 'Olink Target 96', 'IlluminaInfiniumGSAMD-24v2-0', 'SequenomMultiplex', 'Affy5.0', 'HiSeq2000', 'IlluminaMethylationEPIC', 'Illumina_Infinium-HumanMethylation450-BeadChip', 'Affymetrix Human Gene 1.0 ST Array', 'IlluminaHumanHap300', 'Infinium Omni2.5Exome-8 v1.5', 'Illumina_Omni2pt5M', 'Infinium Omni2.5Exome-8 v1.1', 'Perlegen300Karray', 'Illumina_Omni2.5-8', 'Infinium HumanOmniExpressExome', 'Agilent44Karray', 'DNBSEQ', 'Bionano Irys', 'Simoa HD-1 Analyzer', 'Q Exactive HF', 'triple quadrupole', 'IlluminaHumanHap650Yv3_A', 'Signa Premier AIR 3T', 'IlluminaNovaseq6000', 'time-of-flight', 'Xevo G2 QTOF', 'GAIIx', 'HiSeq4000', 'Bruker Avance III', 'AffymetrixU133AB', 'IlluminaHumanMethylation450', 'AffymetrixU133Plus2', 'NanostringnCounter', 'PacBioRSII', 'BGISEQ-500', 'confocalImaging', 'Illumina_Omni5M', 'Illumina NovaSeq 6000']",ATACSeq
referenceSet,referenceSet,ReferenceSet,"A set of references (e.g., canonical assembled contigs) which defines a common coordinate space for comparing reference-aligned experimental data.",False,"['MMUL1.0', 'GRCh38', 'GRCh37', '1000 Genomes phase 3', 'HRC', '']",ATACSeq
pcrCycles,pcrCycles,PcrCycles,Number of PCR cycles to amplify transposased DNA fragments,False,,ATACSeq
isStranded,isStranded,IsStranded,Whether or not the library is stranded.,False,,ATACSeq
readLength,readLength,ReadLength,The length of the read,True,,ATACSeq
runType,runType,RunType,TBD,True,"['singleEnd', 'pairedEnd']",ATACSeq
libraryBatch,libraryBatch,LibraryBatch,Batch library was prepared in,False,,ATACSeq
dnaExtractionMethod,dnaExtractionMethod,DnaExtractionMethod,The general strategy by which the DNA was extracted,False,,16SrRNAseq
Component,Component,Component,TBD,False,,16SrRNAseq
assayTarget,assayTarget,AssayTarget,TBD,False,"['MEIS2', 'YBX1', 'NR3C1', 'GATAD2B', 'SIX4', 'EGR1', 'MEF2A', 'SIN3A', 'BHLHE40', 'EED', 'NCOA2', 'TDP43', 'PKNOX1', 'KLF16', 'DEAF1', 'SIN3B', 'TAF1', 'FOXK2', 'ZNF592', 'H3K9me3', 'KDM4A', 'RELB', 'SREBP2', 'RAD21', 'BRD4', 'ZNF207', 'EZH2', 'IgG', 'Pol2', 'NCOR1', 'SIRT1', 'TCF12', 'H3K27me3', 'SMARCA5', 'CTCF', 'SRF', 'CREB1', 'ZBTB7B', 'YBX3', 'CREM', 'ZFP91', 'KAT2B', 'TCF7L2', 'ASCL1', 'H3K36me3', 'FOXP1', 'ARNT', 'ZSCAN29', 'RB1', 'NRF1', 'ASH2L', 'ZEB2', 'GATA4', 'R-loops', 'ZNF318', 'CLOCK', 'ZHX1', 'H3K4me1', 'ARID3A', 'EWSR1', 'H3K27ac', 'SOX8', 'REST', 'GATAD2A', 'SMC3', 'ZNF143', 'HCFC1', 'NFIB', 'NR2F2', 'NEUROD1', 'OLIG2', 'ARID1B', 'TBR1', 'input', 'SP4', 'SATB2', 'YY1', 'ZNF407', 'ASH1L', 'H3K9ac', 'IE_V1-V3', 'SON', 'ZEB1', 'BRCA1', 'TRIM28', 'MITF', 'ATF7', 'NONO', 'ZKSCAN1', 'NR2F1', 'KLF5', 'NFIC', 'ZNF24', 'CC2D1A', 'GMEB1', 'EHMT2', 'SP1', 'SKIL', 'CHD4', 'E2F1', 'H3K4me3', 'BHLHE41', 'LaminB', 'GABPB1', 'BMI1', 'ZNF384', 'MAZ', 'H3K9me2', 'DPF2', 'HNRNPK', 'BCL11A', '']",16SrRNAseq
sequencingBatch,sequencingBatch,SequencingBatch,Batch library was sequenced in,False,,16SrRNAseq
specimenID,specimenID,SpecimenID,Identifying string linked to a particular sample or specimen,True,,16SrRNAseq
platform,platform,Platform,"The specific version (manufacturer, model, etc.) of a technology that is used to carry out a laboratory or computational experiment.",True,"['Affy6.0', 'Infinium Omni2.5Exome-8 v1.3', 'HiSeq3000', 'InfiniumPsychArrayBeadChip', 'Q Exactive', 'IlluminaWholeGenomeDASL', 'Biograph mCT', 'ddSEQ Single-Cell Isolator', 'IlluminaMiSeq', 'MiSeq', 'Q Exactive Plus', 'Illumina_HumanOmni1-Quadv1.0', 'quadrupole time-of-flight', 'NextSeq500', 'NanostringnCounter_MouseADPanel', 'Orbitrap Fusion Lumos', 'Illumina_Omni2.5-8_v1.3', 'Illumina MouseWG-6 v2.0 expression beadchip', 'HiSeq2500', 'orbitrap', 'Biocrates p180', 'HiSeq1000', 'Illumina_h650', 'HiSeqX', 'IlluminaHumanHT-12_V3_0_R1', 'Xevo TQ-S', 'Illumina_Omni5-Quad', 'Infinium Omni2.5Exome-8 v1.4', 'OrbiTrap Fusion', 'PacBio Sequel II', 'Illumina_Omni2.5-8_v1.1', 'LTQOrbitrapXL', 'PsychChip', 'Illumina_1M', 'Olink Target 96', 'IlluminaInfiniumGSAMD-24v2-0', 'SequenomMultiplex', 'Affy5.0', 'HiSeq2000', 'IlluminaMethylationEPIC', 'Illumina_Infinium-HumanMethylation450-BeadChip', 'Affymetrix Human Gene 1.0 ST Array', 'IlluminaHumanHap300', 'Infinium Omni2.5Exome-8 v1.5', 'Illumina_Omni2pt5M', 'Infinium Omni2.5Exome-8 v1.1', 'Perlegen300Karray', 'Illumina_Omni2.5-8', 'Infinium HumanOmniExpressExome', 'Agilent44Karray', 'DNBSEQ', 'Bionano Irys', 'Simoa HD-1 Analyzer', 'Q Exactive HF', 'triple quadrupole', 'IlluminaHumanHap650Yv3_A', 'Signa Premier AIR 3T', 'IlluminaNovaseq6000', 'time-of-flight', 'Xevo G2 QTOF', 'GAIIx', 'HiSeq4000', 'Bruker Avance III', 'AffymetrixU133AB', 'IlluminaHumanMethylation450', 'AffymetrixU133Plus2', 'NanostringnCounter', 'PacBioRSII', 'BGISEQ-500', 'confocalImaging', 'Illumina_Omni5M', 'Illumina NovaSeq 6000']",16SrRNAseq
readLength,readLength,ReadLength,The length of the read,True,,16SrRNAseq
runType,runType,RunType,TBD,True,"['singleEnd', 'pairedEnd']",16SrRNAseq
libraryPrep,libraryPrep,LibraryPrep,The general strategy by which the library was prepared,True,"['KapaHyperPrep', 'polyAselection', 'DNALibraryConstruction', 'EndItDNAEndRepairKit', 'proximity ligation', 'cellHashing', 'miRNAenrichment', 'STARRSeqPrepMethod', 'SureCell', 'SPLITseq', 'lncRNAenrichment', 'MULTIseq', 'rRNAdepletion', 'amplicon', 'totalRNA', 'PCRfree']",16SrRNAseq
dnaBatch,dnaBatch,DnaBatch,DNA isolation batch,False,,16SrRNAseq
libraryBatch,libraryBatch,LibraryBatch,Batch library was prepared in,False,,16SrRNAseq
species,species,Species,The name of a species (typically a taxonomic group) of organism.,True,"['Human', 'Gallus gallus', 'Sus scrofa', 'Rat', 'Drosophila melanogaster', 'Rhesus macaque', 'Pan troglodytes', 'Mouse']",IndividualAnimal
matingID,matingID,MatingID,Identifies the animals that were mated to produce the animal in question,False,,IndividualAnimal
individualID,individualID,IndividualID,Identifying string linked to the individual or animal being studied,True,,IndividualAnimal
Component,Component,Component,TBD,False,,IndividualAnimal
dateBirth,dateBirth,DateBirth,Individual date of birth,False,,IndividualAnimal
litter,litter,Litter,Animal litter,False,,IndividualAnimal
modelSystemName,modelSystemName,ModelSystemName,TBD,False,"['CRND8', '5XFAD', 'APPKM650', 'Il1rapKO', 'MAPT-P301K', 'TYROBP_WT', 'C57BL6J', 'Mtmr4V297GSNP', 'hAPPAPOE4Trem2R47H', 'Cd2ap.B6', 'Bin1K358R_Aduci', 'hTauTrem2', 'rTg4510', 'Meox2KOHET', 'APOE4KI', 'Abca7V1599M_rs117187003', 'Abca7A1527GAPOE4Trem2R47H', 'Bin1.B6', 'APOE4Trem2R47H', 'hTau', 'PicalmH458R', 'APPKM670', 'Trem2R47H_em1_Aduci', 'TREM2', 'Abca7KO', 'Plcg2KO', 'APPE693Q', 'Sorl1A528TSNP', 'hCR1KIAPOE4Trem2', 'Snx1D465NSNP', 'Spi1rs1377416', '3xTg-AD', 'BRI2-AB42', 'Trem2R47H', 'B6.Gfap-APOE4', 'APOE2KI', 'Ceacam1KO', 'MthfrC677TSNP', 'AppKOAPOE4Trem2R47H', 'TYROBP_WT.KO', 'AB42', 'APPPS1', 'APPKM670-671NL-PSEN1deltaexon9', 'Trem2KO', 'Kif21bT82TSNP', 'TYROBP', 'B6.Clu', 'Trem2flox', 'Abi3S209F_Aduci', 'Plcg2M28LSNP', 'hAbetaKI', 'APOE3KI', 'Clasp2L163PSNP', 'Trem2Y38C', 'TYROBP_KO.KO', 'ApoEKO', '']",IndividualAnimal
genotypeBackground,genotypeBackground,GenotypeBackground,Genetic background of the model,False,,IndividualAnimal
room,room,Room,Room the animal was housed in,False,,IndividualAnimal
sexChromosome,sexChromosome,SexChromosome,"Sex identified by SNP genotype (e.g XX, XY)",False,,IndividualAnimal
dateDeath,dateDeath,DateDeath,Individual date of death,False,,IndividualAnimal
genotype,genotype,Genotype,Genotype common name,False,,IndividualAnimal
treatmentDose,treatmentDose,TreatmentDose,"Dose of treatment used, including units and timeframe",False,,IndividualAnimal
individualIdSource,individualIdSource,IndividualIdSource,Database or repository to which individual ID maps,False,"['Pitt', 'IU', 'ABR', 'PGP', 'Sestan', 'MayoBrainBank', 'NYBB', 'SMRI', 'NDRI', 'Yale', 'NIMH-HBCC', 'LIBD', 'XCell Science', 'ADNI', 'Newcastle', 'Einstein', 'Novogenix', 'UW-CDL', 'Vaccarino', 'Penn', 'MSSM', 'NICHD', 'Pritzker', 'JAX', 'Emory', 'Oxford', 'Geschwind', 'BannerSun', 'Rush', 'StemExpress', 'ABN', 'HBTRC', 'UCSF', 'UCI_TMF', 'BEB_Miller', 'LivingBrainProject_MSSM', 'UM-BTB', 'Mayo Clinic', 'Clotomics_PAIKEA_MSSM', 'TAA', '']",IndividualAnimal
sex,sex,Sex,"Sex assigned at birth, or by sequencing",True,"['female', 'male']",IndividualAnimal
libraryID,libraryID,LibraryID,Library ID as provided by the lab,False,,STARRSeq
referenceSet,referenceSet,ReferenceSet,"A set of references (e.g., canonical assembled contigs) which defines a common coordinate space for comparing reference-aligned experimental data.",False,"['MMUL1.0', 'GRCh38', 'GRCh37', '1000 Genomes phase 3', 'HRC', '']",STARRSeq
Component,Component,Component,TBD,False,,STARRSeq
sequencingBatch,sequencingBatch,SequencingBatch,Batch library was sequenced in,False,,STARRSeq
specimenID,specimenID,SpecimenID,Identifying string linked to a particular sample or specimen,True,,STARRSeq
medianUMIs,medianUMIs,MedianUMIs,The median number of total Unique Molecular Identifier (UMI) counts across all cell-associated barcodes,False,,STARRSeq
totalReads,totalReads,TotalReads,Total number of sequencing reads from a library,False,,STARRSeq
ratio260over230,ratio260over230,Ratio260over230,Ratio of absorbance at 230 nm and 260 nm. Measures protein or other contaminants. Range up to approximately 2.2.,False,,STARRSeq
libraryPrep,libraryPrep,LibraryPrep,The general strategy by which the library was prepared,True,"['KapaHyperPrep', 'polyAselection', 'DNALibraryConstruction', 'EndItDNAEndRepairKit', 'proximity ligation', 'cellHashing', 'miRNAenrichment', 'STARRSeqPrepMethod', 'SureCell', 'SPLITseq', 'lncRNAenrichment', 'MULTIseq', 'rRNAdepletion', 'amplicon', 'totalRNA', 'PCRfree']",STARRSeq
dnaBatch,dnaBatch,DnaBatch,DNA isolation batch,False,,STARRSeq
libraryBatch,libraryBatch,LibraryBatch,Batch library was prepared in,False,,STARRSeq
numberCells,numberCells,NumberCells,Number of cells or nuclei sequenced,False,,STARRSeq
RIN,RIN,RIN,RNA Integrity Number,False,,STARRSeq
medianGenes,medianGenes,MedianGenes,The median number of genes detected (with nonzero UMI counts) across all cell-associated barcodes,False,,STARRSeq
readLength,readLength,ReadLength,The length of the read,True,,STARRSeq
isStranded,isStranded,IsStranded,Whether or not the library is stranded.,False,,STARRSeq
runType,runType,RunType,TBD,True,"['singleEnd', 'pairedEnd']",STARRSeq
readStrandOrigin,readStrandOrigin,ReadStrandOrigin,The strand from which the read originates in a strand-specific protocol,False,"['forward', 'reverse', '']",STARRSeq
libraryPreparationMethod,libraryPreparationMethod,LibraryPreparationMethod,Method by which library was prepared,False,"['Smart-seq1', 'Smart-seq2', 'NEBNext', 'TruSeq', 'Drop-Seq', 'NexteraXT', '10x', 'CEL-seq', 'Accel-NGS 2S Plus', 'SMRTbell', 'sac-seq', 'Smart-seq4', 'Omni-ATAC', '']",STARRSeq
rnaBatch,rnaBatch,RnaBatch,Batch in which RNA sample was isolated,False,,STARRSeq
validBarcodeReads,validBarcodeReads,ValidBarcodeReads,Fraction of reads with cell barcodes that match the whitelist,False,,STARRSeq
libraryVersion,libraryVersion,LibraryVersion,"Library Version: for example, rnaSeq 10x library version",False,,STARRSeq
platform,platform,Platform,"The specific version (manufacturer, model, etc.) of a technology that is used to carry out a laboratory or computational experiment.",True,"['Affy6.0', 'Infinium Omni2.5Exome-8 v1.3', 'HiSeq3000', 'InfiniumPsychArrayBeadChip', 'Q Exactive', 'IlluminaWholeGenomeDASL', 'Biograph mCT', 'ddSEQ Single-Cell Isolator', 'IlluminaMiSeq', 'MiSeq', 'Q Exactive Plus', 'Illumina_HumanOmni1-Quadv1.0', 'quadrupole time-of-flight', 'NextSeq500', 'NanostringnCounter_MouseADPanel', 'Orbitrap Fusion Lumos', 'Illumina_Omni2.5-8_v1.3', 'Illumina MouseWG-6 v2.0 expression beadchip', 'HiSeq2500', 'orbitrap', 'Biocrates p180', 'HiSeq1000', 'Illumina_h650', 'HiSeqX', 'IlluminaHumanHT-12_V3_0_R1', 'Xevo TQ-S', 'Illumina_Omni5-Quad', 'Infinium Omni2.5Exome-8 v1.4', 'OrbiTrap Fusion', 'PacBio Sequel II', 'Illumina_Omni2.5-8_v1.1', 'LTQOrbitrapXL', 'PsychChip', 'Illumina_1M', 'Olink Target 96', 'IlluminaInfiniumGSAMD-24v2-0', 'SequenomMultiplex', 'Affy5.0', 'HiSeq2000', 'IlluminaMethylationEPIC', 'Illumina_Infinium-HumanMethylation450-BeadChip', 'Affymetrix Human Gene 1.0 ST Array', 'IlluminaHumanHap300', 'Infinium Omni2.5Exome-8 v1.5', 'Illumina_Omni2pt5M', 'Infinium Omni2.5Exome-8 v1.1', 'Perlegen300Karray', 'Illumina_Omni2.5-8', 'Infinium HumanOmniExpressExome', 'Agilent44Karray', 'DNBSEQ', 'Bionano Irys', 'Simoa HD-1 Analyzer', 'Q Exactive HF', 'triple quadrupole', 'IlluminaHumanHap650Yv3_A', 'Signa Premier AIR 3T', 'IlluminaNovaseq6000', 'time-of-flight', 'Xevo G2 QTOF', 'GAIIx', 'HiSeq4000', 'Bruker Avance III', 'AffymetrixU133AB', 'IlluminaHumanMethylation450', 'AffymetrixU133Plus2', 'NanostringnCounter', 'PacBioRSII', 'BGISEQ-500', 'confocalImaging', 'Illumina_Omni5M', 'Illumina NovaSeq 6000']",STARRSeq
GQN,GQN,GQN,Illumina gDNA quality score,False,,STARRSeq
ratio260over280,ratio260over280,Ratio260over280,Measure of DNA vs. RNA purity. Range up to approximately 2.0.,False,,STARRSeq
antibodyAmount,antibodyAmount,AntibodyAmount,Amount of antibody used for an assay,False,,ChIPSeq
libraryID,libraryID,LibraryID,Library ID as provided by the lab,False,,ChIPSeq
vendor,vendor,Vendor,Commercial or institutional source of a component used in an assay,False,,ChIPSeq
antibody,antibody,Antibody,An immunoglobulin complex that is secreted into extracellular space and found in mucosal areas or other tissues or circulating in the blood or lymph,False,,ChIPSeq
referenceSet,referenceSet,ReferenceSet,"A set of references (e.g., canonical assembled contigs) which defines a common coordinate space for comparing reference-aligned experimental data.",False,"['MMUL1.0', 'GRCh38', 'GRCh37', '1000 Genomes phase 3', 'HRC', '']",ChIPSeq
chromatinAmountUnits,chromatinAmountUnits,ChromatinAmountUnits,Units of measure for the amount of chromatin used for an assay,False,,ChIPSeq
Component,Component,Component,TBD,False,,ChIPSeq
sequencingBatch,sequencingBatch,SequencingBatch,Batch library was sequenced in,False,,ChIPSeq
specimenID,specimenID,SpecimenID,Identifying string linked to a particular sample or specimen,True,,ChIPSeq
totalReads,totalReads,TotalReads,Total number of sequencing reads from a library,False,,ChIPSeq
catalogNumber,catalogNumber,CatalogNumber,"The identifier assigned to a product, usually in the list of products published by a reseller or manufacturer",False,,ChIPSeq
chromatinAmount,chromatinAmount,ChromatinAmount,Amount in ug of chromatin used for an assay,False,,ChIPSeq
libraryBatch,libraryBatch,LibraryBatch,Batch library was prepared in,False,,ChIPSeq
assayTarget,assayTarget,AssayTarget,TBD,False,"['MEIS2', 'YBX1', 'NR3C1', 'GATAD2B', 'SIX4', 'EGR1', 'MEF2A', 'SIN3A', 'BHLHE40', 'EED', 'NCOA2', 'TDP43', 'PKNOX1', 'KLF16', 'DEAF1', 'SIN3B', 'TAF1', 'FOXK2', 'ZNF592', 'H3K9me3', 'KDM4A', 'RELB', 'SREBP2', 'RAD21', 'BRD4', 'ZNF207', 'EZH2', 'IgG', 'Pol2', 'NCOR1', 'SIRT1', 'TCF12', 'H3K27me3', 'SMARCA5', 'CTCF', 'SRF', 'CREB1', 'ZBTB7B', 'YBX3', 'CREM', 'ZFP91', 'KAT2B', 'TCF7L2', 'ASCL1', 'H3K36me3', 'FOXP1', 'ARNT', 'ZSCAN29', 'RB1', 'NRF1', 'ASH2L', 'ZEB2', 'GATA4', 'R-loops', 'ZNF318', 'CLOCK', 'ZHX1', 'H3K4me1', 'ARID3A', 'EWSR1', 'H3K27ac', 'SOX8', 'REST', 'GATAD2A', 'SMC3', 'ZNF143', 'HCFC1', 'NFIB', 'NR2F2', 'NEUROD1', 'OLIG2', 'ARID1B', 'TBR1', 'input', 'SP4', 'SATB2', 'YY1', 'ZNF407', 'ASH1L', 'H3K9ac', 'IE_V1-V3', 'SON', 'ZEB1', 'BRCA1', 'TRIM28', 'MITF', 'ATF7', 'NONO', 'ZKSCAN1', 'NR2F1', 'KLF5', 'NFIC', 'ZNF24', 'CC2D1A', 'GMEB1', 'EHMT2', 'SP1', 'SKIL', 'CHD4', 'E2F1', 'H3K4me3', 'BHLHE41', 'LaminB', 'GABPB1', 'BMI1', 'ZNF384', 'MAZ', 'H3K9me2', 'DPF2', 'HNRNPK', 'BCL11A', '']",ChIPSeq
readLength,readLength,ReadLength,The length of the read,True,,ChIPSeq
isStranded,isStranded,IsStranded,Whether or not the library is stranded.,False,,ChIPSeq
runType,runType,RunType,TBD,True,"['singleEnd', 'pairedEnd']",ChIPSeq
antibodyAmountUnits,antibodyAmountUnits,AntibodyAmountUnits,Units of measure for the amount of antibody used for an assay,False,,ChIPSeq
readStrandOrigin,readStrandOrigin,ReadStrandOrigin,The strand from which the read originates in a strand-specific protocol,False,"['forward', 'reverse', '']",ChIPSeq
libraryPreparationMethod,libraryPreparationMethod,LibraryPreparationMethod,Method by which library was prepared,False,"['Smart-seq1', 'Smart-seq2', 'NEBNext', 'TruSeq', 'Drop-Seq', 'NexteraXT', '10x', 'CEL-seq', 'Accel-NGS 2S Plus', 'SMRTbell', 'sac-seq', 'Smart-seq4', 'Omni-ATAC', '']",ChIPSeq
platform,platform,Platform,"The specific version (manufacturer, model, etc.) of a technology that is used to carry out a laboratory or computational experiment.",True,"['Affy6.0', 'Infinium Omni2.5Exome-8 v1.3', 'HiSeq3000', 'InfiniumPsychArrayBeadChip', 'Q Exactive', 'IlluminaWholeGenomeDASL', 'Biograph mCT', 'ddSEQ Single-Cell Isolator', 'IlluminaMiSeq', 'MiSeq', 'Q Exactive Plus', 'Illumina_HumanOmni1-Quadv1.0', 'quadrupole time-of-flight', 'NextSeq500', 'NanostringnCounter_MouseADPanel', 'Orbitrap Fusion Lumos', 'Illumina_Omni2.5-8_v1.3', 'Illumina MouseWG-6 v2.0 expression beadchip', 'HiSeq2500', 'orbitrap', 'Biocrates p180', 'HiSeq1000', 'Illumina_h650', 'HiSeqX', 'IlluminaHumanHT-12_V3_0_R1', 'Xevo TQ-S', 'Illumina_Omni5-Quad', 'Infinium Omni2.5Exome-8 v1.4', 'OrbiTrap Fusion', 'PacBio Sequel II', 'Illumina_Omni2.5-8_v1.1', 'LTQOrbitrapXL', 'PsychChip', 'Illumina_1M', 'Olink Target 96', 'IlluminaInfiniumGSAMD-24v2-0', 'SequenomMultiplex', 'Affy5.0', 'HiSeq2000', 'IlluminaMethylationEPIC', 'Illumina_Infinium-HumanMethylation450-BeadChip', 'Affymetrix Human Gene 1.0 ST Array', 'IlluminaHumanHap300', 'Infinium Omni2.5Exome-8 v1.5', 'Illumina_Omni2pt5M', 'Infinium Omni2.5Exome-8 v1.1', 'Perlegen300Karray', 'Illumina_Omni2.5-8', 'Infinium HumanOmniExpressExome', 'Agilent44Karray', 'DNBSEQ', 'Bionano Irys', 'Simoa HD-1 Analyzer', 'Q Exactive HF', 'triple quadrupole', 'IlluminaHumanHap650Yv3_A', 'Signa Premier AIR 3T', 'IlluminaNovaseq6000', 'time-of-flight', 'Xevo G2 QTOF', 'GAIIx', 'HiSeq4000', 'Bruker Avance III', 'AffymetrixU133AB', 'IlluminaHumanMethylation450', 'AffymetrixU133Plus2', 'NanostringnCounter', 'PacBioRSII', 'BGISEQ-500', 'confocalImaging', 'Illumina_Omni5M', 'Illumina NovaSeq 6000']",ChIPSeq
lotNumber,lotNumber,LotNumber,A distinctive alpha-numeric identification code assigned by the manufacturer or distributor to a specific quantity of manufactured material or product within a batch,False,,ChIPSeq
RIN,RIN,RIN,RNA Integrity Number,False,,RnaArray
Component,Component,Component,TBD,False,,RnaArray
rnaBatch,rnaBatch,RnaBatch,Batch in which RNA sample was isolated,False,,RnaArray
specimenID,specimenID,SpecimenID,Identifying string linked to a particular sample or specimen,True,,RnaArray
platform,platform,Platform,"The specific version (manufacturer, model, etc.) of a technology that is used to carry out a laboratory or computational experiment.",True,"['Affy6.0', 'Infinium Omni2.5Exome-8 v1.3', 'HiSeq3000', 'InfiniumPsychArrayBeadChip', 'Q Exactive', 'IlluminaWholeGenomeDASL', 'Biograph mCT', 'ddSEQ Single-Cell Isolator', 'IlluminaMiSeq', 'MiSeq', 'Q Exactive Plus', 'Illumina_HumanOmni1-Quadv1.0', 'quadrupole time-of-flight', 'NextSeq500', 'NanostringnCounter_MouseADPanel', 'Orbitrap Fusion Lumos', 'Illumina_Omni2.5-8_v1.3', 'Illumina MouseWG-6 v2.0 expression beadchip', 'HiSeq2500', 'orbitrap', 'Biocrates p180', 'HiSeq1000', 'Illumina_h650', 'HiSeqX', 'IlluminaHumanHT-12_V3_0_R1', 'Xevo TQ-S', 'Illumina_Omni5-Quad', 'Infinium Omni2.5Exome-8 v1.4', 'OrbiTrap Fusion', 'PacBio Sequel II', 'Illumina_Omni2.5-8_v1.1', 'LTQOrbitrapXL', 'PsychChip', 'Illumina_1M', 'Olink Target 96', 'IlluminaInfiniumGSAMD-24v2-0', 'SequenomMultiplex', 'Affy5.0', 'HiSeq2000', 'IlluminaMethylationEPIC', 'Illumina_Infinium-HumanMethylation450-BeadChip', 'Affymetrix Human Gene 1.0 ST Array', 'IlluminaHumanHap300', 'Infinium Omni2.5Exome-8 v1.5', 'Illumina_Omni2pt5M', 'Infinium Omni2.5Exome-8 v1.1', 'Perlegen300Karray', 'Illumina_Omni2.5-8', 'Infinium HumanOmniExpressExome', 'Agilent44Karray', 'DNBSEQ', 'Bionano Irys', 'Simoa HD-1 Analyzer', 'Q Exactive HF', 'triple quadrupole', 'IlluminaHumanHap650Yv3_A', 'Signa Premier AIR 3T', 'IlluminaNovaseq6000', 'time-of-flight', 'Xevo G2 QTOF', 'GAIIx', 'HiSeq4000', 'Bruker Avance III', 'AffymetrixU133AB', 'IlluminaHumanMethylation450', 'AffymetrixU133Plus2', 'NanostringnCounter', 'PacBioRSII', 'BGISEQ-500', 'confocalImaging', 'Illumina_Omni5M', 'Illumina NovaSeq 6000']",RnaArray
arrayBatch,arrayBatch,ArrayBatch,The hybridization batch the sample was in,False,,RnaArray
chromosome,chromosome,Chromosome,A structure composed of a very long molecule of DNA and associated proteins (e.g. histones) that carries hereditary information; number or designation of the particular chromosome that the data is associated with.,False,"['10', '19', '1', '18', '7', '8', '13', '12', '9', '17', 'mitochondrial', '22', '5', '2', '15', '16', 'X', '3', '4', '6', '11', 'Y', '21', '20', '14', '']",Manifest
analysisType,analysisType,AnalysisType,Type of analysis,False,"['covariate specification', 'de-novo assembly', 'EWAS', 'transcript quantification', 'purity', 'protein quantitative trait loci detection', 'Genome-Wide Association', 'peak calling', 'differential network anaysis', 'genotype imputation', 'quality control', 'Clustering', 'batch effect correction', 'network analysis', 'outlier detection', 'dose response study', 'genotypeAncestry', 'methylation quantitative trait loci detection', 'somatic mutation calling', 'principal component analysis', 'Supervised Machine Learning', 'data mining', 'Polygenic Risk Scores', 'ANOVA', 'expression quantitative trait loci detection', 'DNA methylation imputation', 'Sequence alignment', 'Gene expression comparison', 'Enrichment analysis', 'assessment', 'genome-wide pleiotropy', 'correlation', 'hidden confounder detection', 'data normalization', 'manifold learning', 'Variant calling', 'comparison', 'statistical network reconstruction', 'variancePartition', 'search engine output files', 'visualization', 'network driver detection', 'Copy number estimation', 'differential expression', 'caQTL', 'Mendelian randomization analysis', '']",Manifest
isModelSystem,isModelSystem,IsModelSystem,TBD,False,,Manifest
parent,parent,Parent,Synapse ID of the folder that data will be uploaded to,True,,Manifest
isMultiSpecimen,isMultiSpecimen,IsMultiSpecimen,Boolean flag indicating whether or not a file has data for multiple specimens,False,,Manifest
individualID,individualID,IndividualID,Identifying string linked to the individual or animal being studied,True,,Manifest
Component,Component,Component,TBD,False,,Manifest
metadataType,metadataType,MetadataType,"For files of dataSubtype: metadata, a description of the type of metadata in the file.",False,"['data dictionary', 'individual', 'manifest type', 'biospecimen type', 'protocol', 'analytical covariates', 'assay type', '']",Manifest
fileFormat,fileFormat,FileFormat,"Defined format of the data file, typically corresponding to extension, but sometimes indicating more general group of files produced by the same tool or software",False,"['dat', 'bcf', 'hic', 'R script', 'gtf', 'RCC', 'fastq', 'raw', 'jpg', 'svs', 'bim', 'DICOM', 'pzfx', 'msf', 'chp', 'ab1', 'flagstat', 'pdview', 'seg', 'idat', 'abf', 'sra', 'tranches', 'txt', 'pdstudy', 'bai', 'dup', 'vcf', 'bed narrowPeak', 'gct', 'gzip', 'zip', 'bed broadPeak', 'sdf', 'Python script', 'plink', 'json', 'pdresult', 'czi', 'bed gappedPeak', 'bpm', 'wiggle', 'bash script', 'bedgraph', 'sqlite', 'cel', 'tsv', 'excel', 'sam', 'avi', 'RData', 'rmd', 'Sentrix descriptor file', 'svg', 'powerpoint', 'bigwig', '7z', 'xml', 'recal', 'doc', 'fam', 'tif', 'fig', 'sf3', 'tagAlign', 'gff3', 'fasta', 'sav', 'bgzip', 'sif', 'Synapse Table', 'mtx', 'bed', 'hdf', 'tar', 'md', 'maf', 'locs', 'png', 'csv', 'hyperlink', 'html', 'bam', 'mov', 'RLF', 'idx', 'pdf', '']",Manifest
consortium,consortium,Consortium,The name of the consortium,True,"['Not Applicable', 'CMC', 'DHART SPORE', 'CDCP', 'M2OVE-AD', 'MODEL-AD', 'PEC', 'Psych-AD', 'PSON', 'GENIE', 'AMP-AD', 'Resilience-AD', 'BSMN', 'CSBC', 'Synodos']",Manifest
dataSubtype,dataSubtype,DataSubtype,"Further qualification of dataType, which may be used to indicate the state of processing of the data, aggregation of the data, or presence of metadata.",False,"['normalized', 'raw', 'metadata', 'processed', 'dataMatrix', '']",Manifest
specimenID,specimenID,SpecimenID,Identifying string linked to a particular sample or specimen,True,,Manifest
grant,grant,Grant,"Grant number including activity code, institute code, and serial number (e.g. U01MH103392)",False,,Manifest
path,path,Path,File path where data files that will be uploaded are stored,True,,Manifest
resourceType,resourceType,ResourceType,The type of resource being stored and annotated,True,"['metadata', 'analysis', 'experimentalData', 'curatedData', 'tool', 'report']",Manifest
study,study,Study,Study,True,"['iPSC-RNA-ATAC', 'MindPhenomeKB', 'MODEL-AD_5XFAD', 'MODEL-AD_Trem2_R47H', 'MODEL-AD_hCR1_KI_on_APOE4_Trem2', 'SUNYStrokeModel', 'MayoLOADGWAS', 'UCI_3xTg-AD', 'APOE-TR', 'LIBD_szControl', 'TAUAPPms', 'DevBrain-snRNAseq', 'NHP-Macaque', 'LIBD-WGBS', 'MODEL-AD_Mthfr_APOE4_Trem2', 'ADMC_ADNI1', 'CHDWB', 'MODEL-AD_Il1rapKO_APOE4_Trem2_exon2KO', 'UCI_PrimaryScreen', 'EpiMap', 'IntegrativePathwayAnalysis', 'BrainDev3D', 'MC-CAA', 'SY5Y_Emory', 'Abeta_microglia', 'ROSMAP-IN', 'ACOM', 'BroadiPSC', 'UCI_Microbiome', 'EmoryDrosophilaTau', 'RR_APOE4', 'IsoHuB', 'MSBB_ArrayTissuePanel', 'UCLA-ASD', 'UPenn', 'NAPS', 'SY5Y_REST', 'BrainTF', 'EpiDiff', 'MODEL-AD_APOE4_KI', 'ELPSCRNA', 'IL10_APPmouse', 'ROSMAP', 'UCSF_MAC', '3Dchromatin', 'ADMC_ADNI2-GO', 'LIBD-WGBS-SCZD', 'NeuEnhancer', 'MEF2_Resilience', 'rnaSeqReprocessing', 'MCMPS', 'iPSC-ASD', 'ROSMAP_CognitiveResilience', 'DopaModel', 'm6A-seqAutism', 'Banner', 'Midbrain Genomics', 'DukeAD_PTSD', 'SMIB-AD', 'ROSMAP_Lipidomics_Emory', 'diseasePseudotime', 'FreshMicro', 'BPSD_AD_AnimalStudy_NU', 'ACT', 'MRGWAS', 'Emory_ADRC', 'CMC', 'VirusResilience_Mayo.MSBB.ROSMAP', 'ROSMAP_nucleus_hashing', 'MayoPilotRNAseq', 'ASD-lncRNA', 'miR155', 'ROSMAP_bsSeq', 'lncRNA Pilot', 'scOrganomics', 'AD-BXD', 'SuperAgerEpiMap', 'AD_ADRD_Exposome', 'StJude_BannerSun', 'MODEL-AD_hAbeta_KI', 'MODEL-AD_Harmonization', 'MODEL-AD_Rat_F344', 'NeuralRloops', 'TASTPM', 'MDDseq', 'Jax.IU.Pitt_PrimaryScreen', 'snRNAseqAD_TREM2', 'MODEL-AD_Ceacam_KO_APOE4_Trem2', 'TauD35', 'TyrobpKO', 'Jax.IU.Pitt_MicrobiomePilot', 'LBP', 'Jax.IU.Pitt_Verubecestat_5XFAD', 'MODEL-AD_Abca7_APOE4_Trem2', 'iPSCMicroglia', 'OFMM', 'CNON', 'iPSCNeuroDiff', 'PsychiPSCNeurons', 'referenceBrain', 'SingleCellRNAseq', 'HumanFC', 'PTSDBrainomics', 'NHP-Chimpanzee', 'iPSC', 'UCI_Multiomics', 'rnaSeqSampleSwap', 'SV_xQTL', 'Yale-ASD', 'BroadAstrom109', 'U1-70_PrimaryCellCulture', 'UCI_StrainValidation', 'SCZ-IncRNA', 'HBTRC', 'BrainSpan', 'snMultiRegionDevelopmentalTranscriptomics', 'VirusResilience_LCL', 'iPSC-HiC', 'EpiGABA', 'ADMC_UPenn', 'MayoRNAseq', 'LillyMicroglia', 'TyrobpKO_AppPs1', 'MayoeGWAS', 'MODEL-AD_APOE4_Trem2', 'BLSA', 'MSDM', 'VMC', 'APOEPSC', 'SZBDMulti-Seq', 'flowRNA_WGBS', 'VirusResilience_Banner', 'Plxnb1_KO', 'TS-RNAseq', 'iPSCAstrocytes', 'BipSeq', 'RNAseq_Harmonization', 'CMC-PEC', 'ADMC_ADNI_BakerLipidomics', 'TWAS', 'Jax.IU.Pitt_StrainValidation', 'MOA-PAD', 'NeuMet', 'SWS', 'WGS_Harmonization', 'LLFS', 'Aging-PheWAS', 'BroadMDMi', 'Jax.IU.Pitt_APP.PS1', 'MSBB', 'MouseHAL', 'WallOfTargets', 'BrainVar', 'omicsADDS', 'DiCAD', 'RADEL', 'scRNAseq_microglia_wild_ADmice', 'BrainGVEX', 'MSMM', 'mtDNA_AD', 'ADMC_ADNI_NightingaleNMR', 'MODEL-AD_hTau_Trem2', 'HDAC1-cKOBrain', 'Jax.IU.Pitt.Proteomics_Metabolomics_Pilot', 'CMC_HBCC', 'WGBS Pilot', 'eQTLmetaAnalysis', 'MSSMiPSC', 'NeuREs', 'VirusResilience_iPSC', 'HBI_scRNAseq']",Manifest
dataType,dataType,DataType,Types of input/output data in bioinformatics pipelines,False,"['clinical', 'drugScreen', 'kinomics', 'genomicVariants', 'cellularPhysiology', 'pharmacology', 'Weight', 'proteomics', 'chromatinActivity', 'electrophysiology', 'behavior process', 'image', 'Volume', 'immunoassay', 'epigenetics', 'isoformExpression', 'geneExpression', 'drugCombinationScreen', 'network', 'metabolomics data type', 'surveyData', 'metagenomics', 'Pharmacokinetic Study', '']",Manifest
ageAssessmentUnits,ageAssessmentUnits,AgeAssessmentUnits,Age of assessment units.,False,"['PCW', 'weeks', 'years', 'days', 'months', 'gestational weeks', '']",Autorad
individualID,individualID,IndividualID,Identifying string linked to the individual or animal being studied,True,,Autorad
Component,Component,Component,TBD,False,,Autorad
ageAssessment,ageAssessment,AgeAssessment,Age of clinical or behavioral assessment.,False,,Autorad
platform,platform,Platform,"The specific version (manufacturer, model, etc.) of a technology that is used to carry out a laboratory or computational experiment.",True,"['Affy6.0', 'Infinium Omni2.5Exome-8 v1.3', 'HiSeq3000', 'InfiniumPsychArrayBeadChip', 'Q Exactive', 'IlluminaWholeGenomeDASL', 'Biograph mCT', 'ddSEQ Single-Cell Isolator', 'IlluminaMiSeq', 'MiSeq', 'Q Exactive Plus', 'Illumina_HumanOmni1-Quadv1.0', 'quadrupole time-of-flight', 'NextSeq500', 'NanostringnCounter_MouseADPanel', 'Orbitrap Fusion Lumos', 'Illumina_Omni2.5-8_v1.3', 'Illumina MouseWG-6 v2.0 expression beadchip', 'HiSeq2500', 'orbitrap', 'Biocrates p180', 'HiSeq1000', 'Illumina_h650', 'HiSeqX', 'IlluminaHumanHT-12_V3_0_R1', 'Xevo TQ-S', 'Illumina_Omni5-Quad', 'Infinium Omni2.5Exome-8 v1.4', 'OrbiTrap Fusion', 'PacBio Sequel II', 'Illumina_Omni2.5-8_v1.1', 'LTQOrbitrapXL', 'PsychChip', 'Illumina_1M', 'Olink Target 96', 'IlluminaInfiniumGSAMD-24v2-0', 'SequenomMultiplex', 'Affy5.0', 'HiSeq2000', 'IlluminaMethylationEPIC', 'Illumina_Infinium-HumanMethylation450-BeadChip', 'Affymetrix Human Gene 1.0 ST Array', 'IlluminaHumanHap300', 'Infinium Omni2.5Exome-8 v1.5', 'Illumina_Omni2pt5M', 'Infinium Omni2.5Exome-8 v1.1', 'Perlegen300Karray', 'Illumina_Omni2.5-8', 'Infinium HumanOmniExpressExome', 'Agilent44Karray', 'DNBSEQ', 'Bionano Irys', 'Simoa HD-1 Analyzer', 'Q Exactive HF', 'triple quadrupole', 'IlluminaHumanHap650Yv3_A', 'Signa Premier AIR 3T', 'IlluminaNovaseq6000', 'time-of-flight', 'Xevo G2 QTOF', 'GAIIx', 'HiSeq4000', 'Bruker Avance III', 'AffymetrixU133AB', 'IlluminaHumanMethylation450', 'AffymetrixU133Plus2', 'NanostringnCounter', 'PacBioRSII', 'BGISEQ-500', 'confocalImaging', 'Illumina_Omni5M', 'Illumina NovaSeq 6000']",Autorad
filename,filename,Filename,The name of a file.,False,,Autorad
scanID,scanID,ScanID,"The ID of a sample, specimen, or individual in a scan or imaging file.",False,,Autorad
libraryPreparationMethod,libraryPreparationMethod,LibraryPreparationMethod,Method by which library was prepared,False,"['Smart-seq1', 'Smart-seq2', 'NEBNext', 'TruSeq', 'Drop-Seq', 'NexteraXT', '10x', 'CEL-seq', 'Accel-NGS 2S Plus', 'SMRTbell', 'sac-seq', 'Smart-seq4', 'Omni-ATAC', '']",WholeGenomeSeq
Component,Component,Component,TBD,False,,WholeGenomeSeq
libraryID,libraryID,LibraryID,Library ID as provided by the lab,False,,WholeGenomeSeq
GQN,GQN,GQN,Illumina gDNA quality score,False,,WholeGenomeSeq
sequencingBatch,sequencingBatch,SequencingBatch,Batch library was sequenced in,False,,WholeGenomeSeq
specimenID,specimenID,SpecimenID,Identifying string linked to a particular sample or specimen,True,,WholeGenomeSeq
platform,platform,Platform,"The specific version (manufacturer, model, etc.) of a technology that is used to carry out a laboratory or computational experiment.",True,"['Affy6.0', 'Infinium Omni2.5Exome-8 v1.3', 'HiSeq3000', 'InfiniumPsychArrayBeadChip', 'Q Exactive', 'IlluminaWholeGenomeDASL', 'Biograph mCT', 'ddSEQ Single-Cell Isolator', 'IlluminaMiSeq', 'MiSeq', 'Q Exactive Plus', 'Illumina_HumanOmni1-Quadv1.0', 'quadrupole time-of-flight', 'NextSeq500', 'NanostringnCounter_MouseADPanel', 'Orbitrap Fusion Lumos', 'Illumina_Omni2.5-8_v1.3', 'Illumina MouseWG-6 v2.0 expression beadchip', 'HiSeq2500', 'orbitrap', 'Biocrates p180', 'HiSeq1000', 'Illumina_h650', 'HiSeqX', 'IlluminaHumanHT-12_V3_0_R1', 'Xevo TQ-S', 'Illumina_Omni5-Quad', 'Infinium Omni2.5Exome-8 v1.4', 'OrbiTrap Fusion', 'PacBio Sequel II', 'Illumina_Omni2.5-8_v1.1', 'LTQOrbitrapXL', 'PsychChip', 'Illumina_1M', 'Olink Target 96', 'IlluminaInfiniumGSAMD-24v2-0', 'SequenomMultiplex', 'Affy5.0', 'HiSeq2000', 'IlluminaMethylationEPIC', 'Illumina_Infinium-HumanMethylation450-BeadChip', 'Affymetrix Human Gene 1.0 ST Array', 'IlluminaHumanHap300', 'Infinium Omni2.5Exome-8 v1.5', 'Illumina_Omni2pt5M', 'Infinium Omni2.5Exome-8 v1.1', 'Perlegen300Karray', 'Illumina_Omni2.5-8', 'Infinium HumanOmniExpressExome', 'Agilent44Karray', 'DNBSEQ', 'Bionano Irys', 'Simoa HD-1 Analyzer', 'Q Exactive HF', 'triple quadrupole', 'IlluminaHumanHap650Yv3_A', 'Signa Premier AIR 3T', 'IlluminaNovaseq6000', 'time-of-flight', 'Xevo G2 QTOF', 'GAIIx', 'HiSeq4000', 'Bruker Avance III', 'AffymetrixU133AB', 'IlluminaHumanMethylation450', 'AffymetrixU133Plus2', 'NanostringnCounter', 'PacBioRSII', 'BGISEQ-500', 'confocalImaging', 'Illumina_Omni5M', 'Illumina NovaSeq 6000']",WholeGenomeSeq
referenceSet,referenceSet,ReferenceSet,"A set of references (e.g., canonical assembled contigs) which defines a common coordinate space for comparing reference-aligned experimental data.",False,"['MMUL1.0', 'GRCh38', 'GRCh37', '1000 Genomes phase 3', 'HRC', '']",WholeGenomeSeq
readLength,readLength,ReadLength,The length of the read,True,,WholeGenomeSeq
runType,runType,RunType,TBD,True,"['singleEnd', 'pairedEnd']",WholeGenomeSeq
totalReads,totalReads,TotalReads,Total number of sequencing reads from a library,False,,WholeGenomeSeq
numberCells,numberCells,NumberCells,Number of cells or nuclei sequenced,False,,WholeGenomeSeq
libraryPrep,libraryPrep,LibraryPrep,The general strategy by which the library was prepared,True,"['KapaHyperPrep', 'polyAselection', 'DNALibraryConstruction', 'EndItDNAEndRepairKit', 'proximity ligation', 'cellHashing', 'miRNAenrichment', 'STARRSeqPrepMethod', 'SureCell', 'SPLITseq', 'lncRNAenrichment', 'MULTIseq', 'rRNAdepletion', 'amplicon', 'totalRNA', 'PCRfree']",WholeGenomeSeq
ratio260over280,ratio260over280,Ratio260over280,Measure of DNA vs. RNA purity. Range up to approximately 2.0.,False,,WholeGenomeSeq
ratio260over230,ratio260over230,Ratio260over230,Ratio of absorbance at 230 nm and 260 nm. Measures protein or other contaminants. Range up to approximately 2.2.,False,,WholeGenomeSeq
dnaBatch,dnaBatch,DnaBatch,DNA isolation batch,False,,WholeGenomeSeq
ligand,ligand,Ligand,"An ion, molecule or molecular group that binds to a substance to form a larger complex.",False,,PET
ageAssessmentUnits,ageAssessmentUnits,AgeAssessmentUnits,Age of assessment units.,False,"['PCW', 'weeks', 'years', 'days', 'months', 'gestational weeks', '']",PET
individualID,individualID,IndividualID,Identifying string linked to the individual or animal being studied,True,,PET
Component,Component,Component,TBD,False,,PET
ageAssessment,ageAssessment,AgeAssessment,Age of clinical or behavioral assessment.,False,,PET
platform,platform,Platform,"The specific version (manufacturer, model, etc.) of a technology that is used to carry out a laboratory or computational experiment.",True,"['Affy6.0', 'Infinium Omni2.5Exome-8 v1.3', 'HiSeq3000', 'InfiniumPsychArrayBeadChip', 'Q Exactive', 'IlluminaWholeGenomeDASL', 'Biograph mCT', 'ddSEQ Single-Cell Isolator', 'IlluminaMiSeq', 'MiSeq', 'Q Exactive Plus', 'Illumina_HumanOmni1-Quadv1.0', 'quadrupole time-of-flight', 'NextSeq500', 'NanostringnCounter_MouseADPanel', 'Orbitrap Fusion Lumos', 'Illumina_Omni2.5-8_v1.3', 'Illumina MouseWG-6 v2.0 expression beadchip', 'HiSeq2500', 'orbitrap', 'Biocrates p180', 'HiSeq1000', 'Illumina_h650', 'HiSeqX', 'IlluminaHumanHT-12_V3_0_R1', 'Xevo TQ-S', 'Illumina_Omni5-Quad', 'Infinium Omni2.5Exome-8 v1.4', 'OrbiTrap Fusion', 'PacBio Sequel II', 'Illumina_Omni2.5-8_v1.1', 'LTQOrbitrapXL', 'PsychChip', 'Illumina_1M', 'Olink Target 96', 'IlluminaInfiniumGSAMD-24v2-0', 'SequenomMultiplex', 'Affy5.0', 'HiSeq2000', 'IlluminaMethylationEPIC', 'Illumina_Infinium-HumanMethylation450-BeadChip', 'Affymetrix Human Gene 1.0 ST Array', 'IlluminaHumanHap300', 'Infinium Omni2.5Exome-8 v1.5', 'Illumina_Omni2pt5M', 'Infinium Omni2.5Exome-8 v1.1', 'Perlegen300Karray', 'Illumina_Omni2.5-8', 'Infinium HumanOmniExpressExome', 'Agilent44Karray', 'DNBSEQ', 'Bionano Irys', 'Simoa HD-1 Analyzer', 'Q Exactive HF', 'triple quadrupole', 'IlluminaHumanHap650Yv3_A', 'Signa Premier AIR 3T', 'IlluminaNovaseq6000', 'time-of-flight', 'Xevo G2 QTOF', 'GAIIx', 'HiSeq4000', 'Bruker Avance III', 'AffymetrixU133AB', 'IlluminaHumanMethylation450', 'AffymetrixU133Plus2', 'NanostringnCounter', 'PacBioRSII', 'BGISEQ-500', 'confocalImaging', 'Illumina_Omni5M', 'Illumina NovaSeq 6000']",PET
filename,filename,Filename,The name of a file.,False,,PET
scanID,scanID,ScanID,"The ID of a sample, specimen, or individual in a scan or imaging file.",False,,PET
controlType,controlType,ControlType,Control samples suitable for normalization and batch correction,False,"['study pool', 'NIST SRM 1950', 'GIS', 'Baker pool', 'GoldenWest', 'AIBL pool', 'water plus Baker ISTD', '']",Metabolomics
ionMode,ionMode,IonMode,"Ionization polarity (positive, negative, polar)",False,,Metabolomics
Component,Component,Component,TBD,False,,Metabolomics
spectrometerFrequency,spectrometerFrequency,SpectrometerFrequency,The frequency at which a spectrometer causes hydrogen atoms to resonate (in MHz).,False,,Metabolomics
platformLocation,platformLocation,PlatformLocation,Laboratory where data generation platform was located,False,,Metabolomics
batch,batch,Batch,Batch specimen was processed in,False,,Metabolomics
specimenID,specimenID,SpecimenID,Identifying string linked to a particular sample or specimen,True,,Metabolomics
platform,platform,Platform,"The specific version (manufacturer, model, etc.) of a technology that is used to carry out a laboratory or computational experiment.",True,"['Affy6.0', 'Infinium Omni2.5Exome-8 v1.3', 'HiSeq3000', 'InfiniumPsychArrayBeadChip', 'Q Exactive', 'IlluminaWholeGenomeDASL', 'Biograph mCT', 'ddSEQ Single-Cell Isolator', 'IlluminaMiSeq', 'MiSeq', 'Q Exactive Plus', 'Illumina_HumanOmni1-Quadv1.0', 'quadrupole time-of-flight', 'NextSeq500', 'NanostringnCounter_MouseADPanel', 'Orbitrap Fusion Lumos', 'Illumina_Omni2.5-8_v1.3', 'Illumina MouseWG-6 v2.0 expression beadchip', 'HiSeq2500', 'orbitrap', 'Biocrates p180', 'HiSeq1000', 'Illumina_h650', 'HiSeqX', 'IlluminaHumanHT-12_V3_0_R1', 'Xevo TQ-S', 'Illumina_Omni5-Quad', 'Infinium Omni2.5Exome-8 v1.4', 'OrbiTrap Fusion', 'PacBio Sequel II', 'Illumina_Omni2.5-8_v1.1', 'LTQOrbitrapXL', 'PsychChip', 'Illumina_1M', 'Olink Target 96', 'IlluminaInfiniumGSAMD-24v2-0', 'SequenomMultiplex', 'Affy5.0', 'HiSeq2000', 'IlluminaMethylationEPIC', 'Illumina_Infinium-HumanMethylation450-BeadChip', 'Affymetrix Human Gene 1.0 ST Array', 'IlluminaHumanHap300', 'Infinium Omni2.5Exome-8 v1.5', 'Illumina_Omni2pt5M', 'Infinium Omni2.5Exome-8 v1.1', 'Perlegen300Karray', 'Illumina_Omni2.5-8', 'Infinium HumanOmniExpressExome', 'Agilent44Karray', 'DNBSEQ', 'Bionano Irys', 'Simoa HD-1 Analyzer', 'Q Exactive HF', 'triple quadrupole', 'IlluminaHumanHap650Yv3_A', 'Signa Premier AIR 3T', 'IlluminaNovaseq6000', 'time-of-flight', 'Xevo G2 QTOF', 'GAIIx', 'HiSeq4000', 'Bruker Avance III', 'AffymetrixU133AB', 'IlluminaHumanMethylation450', 'AffymetrixU133Plus2', 'NanostringnCounter', 'PacBioRSII', 'BGISEQ-500', 'confocalImaging', 'Illumina_Omni5M', 'Illumina NovaSeq 6000']",Metabolomics
metaboliteType,metaboliteType,MetaboliteType,Class of metabolite.,False,"['bile acids', 'cholesterol', 'amino acids', 'ceramides', 'drugs', 'sphingolipids', 'TCA cycle metabolites', 'biogenic amines', 'phospholipids', 'oxylipins', 'peptides', 'eicosanoids', 'xenobiotics', 'fatty acids', 'phosphatidylethonalamines', 'sugars', 'glycerophospholipid', 'carbohydrates', 'acylcarnitines', 'steroids', 'cofactors and vitamins', 'phosphatidylcholine', 'lipids', 'sterols', 'endocannabinoids', 'glycerolipid', 'lipoproteins', 'lysophosphatidylcholine', 'glycerides', 'nucleotides', 'plasmalogens', 'acylglycerols', 'ketones', '']",Metabolomics
batchSize,batchSize,BatchSize,Size of batch,False,,Metabolomics
softwareName,softwareName,SoftwareName,TBD,False,,Metabolomics
samplingAge,samplingAge,SamplingAge,Age of the individual when the sample was taken,False,,BiospecimenInvitro
nucleicAcidSource,nucleicAcidSource,NucleicAcidSource,TBD,False,"['cfDNA', 'sorted cells', 'single nucleus', 'single cell', 'sorted nuclei', 'bulk nuclei', 'bulk cell', 'mitochondria', '']",BiospecimenInvitro
individualID,individualID,IndividualID,Identifying string linked to the individual or animal being studied,True,,BiospecimenInvitro
Component,Component,Component,TBD,False,,BiospecimenInvitro
differentiationMethod,differentiationMethod,DifferentiationMethod,The general strategy by which a reprogrammed or pluripotent cell is differentiated into a target cell.,False,"['directed differentiation', 'Ngn2 induction', '']",BiospecimenInvitro
treatmentType,treatmentType,TreatmentType,TBD,False,"['control', 'haloperidol', 'placebo', 'Abeta42 fibril', 'levetiracetam', 'clozapine', 'verubecestat', 'Abeta42 oligomer', '']",BiospecimenInvitro
reprogrammingMethod,reprogrammingMethod,ReprogrammingMethod,The method by which source cells were reprogrammed into pluripotent stem cells.,False,"['Sendai virus', 'CytoTune iPS 2.0 Sendai Reprogramming Kit', 'episomal vectors', '']",BiospecimenInvitro
terminalDifferentiationPoint,terminalDifferentiationPoint,TerminalDifferentiationPoint,The terminal differentiation point (TD) of a cell in days.,False,,BiospecimenInvitro
cellType,cellType,CellType,A cell type is a distinct morphological or functional form of cell.,False,"['B-lymphocytes', 'Schwannoma', 'epithelial', 'oligodendrocyte', 'epithelial-like', 'round', 'schwann', 'fibroblast', 'NeuN-', 'lymphoblast', 'neuron', 'monocytes', 'Meningioma', 'CD138+', 'iPSC-derived telencephalic organoids', 'peripheral blood mononuclear cell', 'dopaminergic neurons', 'iPSC-derived neuronal progenitor cell', 'iPSC-derived neuron', 'Embryonic stem cells', 'monocyte-derived microglia', 'iPSC', 'SH-SY5Y', 'Schwann cell precusor', 'arachnoid', 'A549', 'immune cell', 'microglia', 'NeuN+', 'neural progenitor cell', 'iPSC-derived astrocytes', 'macrophages', 'CD8+ T-Cells', 'NCX NES', 'polygonal', 'astrocytes', 'GLUtamatergic neurons', 'iPSC-derived glia', 'GABAergic neurons', 'CNON', 'lymphoblastoid cell line', '']",BiospecimenInvitro
samplingAgeUnits,samplingAgeUnits,SamplingAgeUnits,Age at sampling units.,False,"['PCW', 'weeks', 'years', 'days', 'months', 'gestational weeks', '']",BiospecimenInvitro
specimenIdSource,specimenIdSource,SpecimenIdSource,"The repository or database to which a specimenID maps; or, the group or lab that generated the specimen. For cell culture studies, the commercial source or lab that generated the cells.",False,,BiospecimenInvitro
specimenID,specimenID,SpecimenID,Identifying string linked to a particular sample or specimen,True,,BiospecimenInvitro
modelSystemType,modelSystemType,ModelSystemType,Type of model system.,False,"['iPSC', 'organoid', 'animal', 'primary cell culture', 'immortalized cell line', 'cerebral organoid', '']",BiospecimenInvitro
passage,passage,Passage,Number of times a cell culture has been subcultured,False,,BiospecimenInvitro
sourceCell,sourceCell,SourceCell,"Initial cell type the target cell was derived from, before reprogramming or differentiation.",False,"['B-lymphocytes', 'iPSC', 'cord blood stem cells', 'astrocytes', 'peripheral blood mononuclear cell', 'fibroblast', 'lymphoblast', 'Embryonic stem cells', '']",BiospecimenInvitro
libraryID,libraryID,LibraryID,Library ID as provided by the lab,False,,BisulfiteSeq
pcrCycles,pcrCycles,PcrCycles,Number of PCR cycles to amplify transposased DNA fragments,False,,BisulfiteSeq
referenceSet,referenceSet,ReferenceSet,"A set of references (e.g., canonical assembled contigs) which defines a common coordinate space for comparing reference-aligned experimental data.",False,"['MMUL1.0', 'GRCh38', 'GRCh37', '1000 Genomes phase 3', 'HRC', '']",BisulfiteSeq
Component,Component,Component,TBD,False,,BisulfiteSeq
directionalBSseqLibrary,directionalBSseqLibrary,DirectionalBSseqLibrary,Indicates whether or not the bisulfiteSeq library is directional,False,,BisulfiteSeq
sequencingBatch,sequencingBatch,SequencingBatch,Batch library was sequenced in,False,,BisulfiteSeq
specimenID,specimenID,SpecimenID,Identifying string linked to a particular sample or specimen,True,,BisulfiteSeq
totalReads,totalReads,TotalReads,Total number of sequencing reads from a library,False,,BisulfiteSeq
libraryPrep,libraryPrep,LibraryPrep,The general strategy by which the library was prepared,True,"['KapaHyperPrep', 'polyAselection', 'DNALibraryConstruction', 'EndItDNAEndRepairKit', 'proximity ligation', 'cellHashing', 'miRNAenrichment', 'STARRSeqPrepMethod', 'SureCell', 'SPLITseq', 'lncRNAenrichment', 'MULTIseq', 'rRNAdepletion', 'amplicon', 'totalRNA', 'PCRfree']",BisulfiteSeq
dnaBatch,dnaBatch,DnaBatch,DNA isolation batch,False,,BisulfiteSeq
libraryBatch,libraryBatch,LibraryBatch,Batch library was prepared in,False,,BisulfiteSeq
gDNAconc,gDNAconc,GDNAconc,gDNA Concentration in ng per mL,False,,BisulfiteSeq
readLength,readLength,ReadLength,The length of the read,True,,BisulfiteSeq
isStranded,isStranded,IsStranded,Whether or not the library is stranded.,False,,BisulfiteSeq
meanCoverage,meanCoverage,MeanCoverage,Total number of bases covered by ATAC-seq reads/size of genome,False,,BisulfiteSeq
runType,runType,RunType,TBD,True,"['singleEnd', 'pairedEnd']",BisulfiteSeq
readStrandOrigin,readStrandOrigin,ReadStrandOrigin,The strand from which the read originates in a strand-specific protocol,False,"['forward', 'reverse', '']",BisulfiteSeq
libraryPreparationMethod,libraryPreparationMethod,LibraryPreparationMethod,Method by which library was prepared,False,"['Smart-seq1', 'Smart-seq2', 'NEBNext', 'TruSeq', 'Drop-Seq', 'NexteraXT', '10x', 'CEL-seq', 'Accel-NGS 2S Plus', 'SMRTbell', 'sac-seq', 'Smart-seq4', 'Omni-ATAC', '']",BisulfiteSeq
lambdaDNAconc,lambdaDNAconc,LambdaDNAconc,Lambda DNA spike-in concentration in ng,False,,BisulfiteSeq
platform,platform,Platform,"The specific version (manufacturer, model, etc.) of a technology that is used to carry out a laboratory or computational experiment.",True,"['Affy6.0', 'Infinium Omni2.5Exome-8 v1.3', 'HiSeq3000', 'InfiniumPsychArrayBeadChip', 'Q Exactive', 'IlluminaWholeGenomeDASL', 'Biograph mCT', 'ddSEQ Single-Cell Isolator', 'IlluminaMiSeq', 'MiSeq', 'Q Exactive Plus', 'Illumina_HumanOmni1-Quadv1.0', 'quadrupole time-of-flight', 'NextSeq500', 'NanostringnCounter_MouseADPanel', 'Orbitrap Fusion Lumos', 'Illumina_Omni2.5-8_v1.3', 'Illumina MouseWG-6 v2.0 expression beadchip', 'HiSeq2500', 'orbitrap', 'Biocrates p180', 'HiSeq1000', 'Illumina_h650', 'HiSeqX', 'IlluminaHumanHT-12_V3_0_R1', 'Xevo TQ-S', 'Illumina_Omni5-Quad', 'Infinium Omni2.5Exome-8 v1.4', 'OrbiTrap Fusion', 'PacBio Sequel II', 'Illumina_Omni2.5-8_v1.1', 'LTQOrbitrapXL', 'PsychChip', 'Illumina_1M', 'Olink Target 96', 'IlluminaInfiniumGSAMD-24v2-0', 'SequenomMultiplex', 'Affy5.0', 'HiSeq2000', 'IlluminaMethylationEPIC', 'Illumina_Infinium-HumanMethylation450-BeadChip', 'Affymetrix Human Gene 1.0 ST Array', 'IlluminaHumanHap300', 'Infinium Omni2.5Exome-8 v1.5', 'Illumina_Omni2pt5M', 'Infinium Omni2.5Exome-8 v1.1', 'Perlegen300Karray', 'Illumina_Omni2.5-8', 'Infinium HumanOmniExpressExome', 'Agilent44Karray', 'DNBSEQ', 'Bionano Irys', 'Simoa HD-1 Analyzer', 'Q Exactive HF', 'triple quadrupole', 'IlluminaHumanHap650Yv3_A', 'Signa Premier AIR 3T', 'IlluminaNovaseq6000', 'time-of-flight', 'Xevo G2 QTOF', 'GAIIx', 'HiSeq4000', 'Bruker Avance III', 'AffymetrixU133AB', 'IlluminaHumanMethylation450', 'AffymetrixU133Plus2', 'NanostringnCounter', 'PacBioRSII', 'BGISEQ-500', 'confocalImaging', 'Illumina_Omni5M', 'Illumina NovaSeq 6000']",BisulfiteSeq
libraryPreparationMethod,libraryPreparationMethod,LibraryPreparationMethod,Method by which library was prepared,False,"['Smart-seq1', 'Smart-seq2', 'NEBNext', 'TruSeq', 'Drop-Seq', 'NexteraXT', '10x', 'CEL-seq', 'Accel-NGS 2S Plus', 'SMRTbell', 'sac-seq', 'Smart-seq4', 'Omni-ATAC', '']",WholeExomeSeq
Component,Component,Component,TBD,False,,WholeExomeSeq
libraryID,libraryID,LibraryID,Library ID as provided by the lab,False,,WholeExomeSeq
GQN,GQN,GQN,Illumina gDNA quality score,False,,WholeExomeSeq
sequencingBatch,sequencingBatch,SequencingBatch,Batch library was sequenced in,False,,WholeExomeSeq
specimenID,specimenID,SpecimenID,Identifying string linked to a particular sample or specimen,True,,WholeExomeSeq
platform,platform,Platform,"The specific version (manufacturer, model, etc.) of a technology that is used to carry out a laboratory or computational experiment.",True,"['Affy6.0', 'Infinium Omni2.5Exome-8 v1.3', 'HiSeq3000', 'InfiniumPsychArrayBeadChip', 'Q Exactive', 'IlluminaWholeGenomeDASL', 'Biograph mCT', 'ddSEQ Single-Cell Isolator', 'IlluminaMiSeq', 'MiSeq', 'Q Exactive Plus', 'Illumina_HumanOmni1-Quadv1.0', 'quadrupole time-of-flight', 'NextSeq500', 'NanostringnCounter_MouseADPanel', 'Orbitrap Fusion Lumos', 'Illumina_Omni2.5-8_v1.3', 'Illumina MouseWG-6 v2.0 expression beadchip', 'HiSeq2500', 'orbitrap', 'Biocrates p180', 'HiSeq1000', 'Illumina_h650', 'HiSeqX', 'IlluminaHumanHT-12_V3_0_R1', 'Xevo TQ-S', 'Illumina_Omni5-Quad', 'Infinium Omni2.5Exome-8 v1.4', 'OrbiTrap Fusion', 'PacBio Sequel II', 'Illumina_Omni2.5-8_v1.1', 'LTQOrbitrapXL', 'PsychChip', 'Illumina_1M', 'Olink Target 96', 'IlluminaInfiniumGSAMD-24v2-0', 'SequenomMultiplex', 'Affy5.0', 'HiSeq2000', 'IlluminaMethylationEPIC', 'Illumina_Infinium-HumanMethylation450-BeadChip', 'Affymetrix Human Gene 1.0 ST Array', 'IlluminaHumanHap300', 'Infinium Omni2.5Exome-8 v1.5', 'Illumina_Omni2pt5M', 'Infinium Omni2.5Exome-8 v1.1', 'Perlegen300Karray', 'Illumina_Omni2.5-8', 'Infinium HumanOmniExpressExome', 'Agilent44Karray', 'DNBSEQ', 'Bionano Irys', 'Simoa HD-1 Analyzer', 'Q Exactive HF', 'triple quadrupole', 'IlluminaHumanHap650Yv3_A', 'Signa Premier AIR 3T', 'IlluminaNovaseq6000', 'time-of-flight', 'Xevo G2 QTOF', 'GAIIx', 'HiSeq4000', 'Bruker Avance III', 'AffymetrixU133AB', 'IlluminaHumanMethylation450', 'AffymetrixU133Plus2', 'NanostringnCounter', 'PacBioRSII', 'BGISEQ-500', 'confocalImaging', 'Illumina_Omni5M', 'Illumina NovaSeq 6000']",WholeExomeSeq
referenceSet,referenceSet,ReferenceSet,"A set of references (e.g., canonical assembled contigs) which defines a common coordinate space for comparing reference-aligned experimental data.",False,"['MMUL1.0', 'GRCh38', 'GRCh37', '1000 Genomes phase 3', 'HRC', '']",WholeExomeSeq
readLength,readLength,ReadLength,The length of the read,True,,WholeExomeSeq
runType,runType,RunType,TBD,True,"['singleEnd', 'pairedEnd']",WholeExomeSeq
totalReads,totalReads,TotalReads,Total number of sequencing reads from a library,False,,WholeExomeSeq
ratio260over280,ratio260over280,Ratio260over280,Measure of DNA vs. RNA purity. Range up to approximately 2.0.,False,,WholeExomeSeq
libraryPrep,libraryPrep,LibraryPrep,The general strategy by which the library was prepared,True,"['KapaHyperPrep', 'polyAselection', 'DNALibraryConstruction', 'EndItDNAEndRepairKit', 'proximity ligation', 'cellHashing', 'miRNAenrichment', 'STARRSeqPrepMethod', 'SureCell', 'SPLITseq', 'lncRNAenrichment', 'MULTIseq', 'rRNAdepletion', 'amplicon', 'totalRNA', 'PCRfree']",WholeExomeSeq
ratio260over230,ratio260over230,Ratio260over230,Ratio of absorbance at 230 nm and 260 nm. Measures protein or other contaminants. Range up to approximately 2.2.,False,,WholeExomeSeq
dnaBatch,dnaBatch,DnaBatch,DNA isolation batch,False,,WholeExomeSeq
RIN,RIN,RIN,RNA Integrity Number,False,,Nanostring
libraryPreparationMethod,libraryPreparationMethod,LibraryPreparationMethod,Method by which library was prepared,False,"['Smart-seq1', 'Smart-seq2', 'NEBNext', 'TruSeq', 'Drop-Seq', 'NexteraXT', '10x', 'CEL-seq', 'Accel-NGS 2S Plus', 'SMRTbell', 'sac-seq', 'Smart-seq4', 'Omni-ATAC', '']",Nanostring
Component,Component,Component,TBD,False,,Nanostring
nanostringBatch,nanostringBatch,NanostringBatch,The batch of samples run on a nanostring panel. Twelve samples can be processed together at once on a machine.,False,,Nanostring
rnaBatch,rnaBatch,RnaBatch,Batch in which RNA sample was isolated,False,,Nanostring
bindingDensity,bindingDensity,BindingDensity,The number of optical features per square micron for each lane. (Definition is from https://www.nanostring.com/wp-content/uploads/2020/12/Gene_Expression_Data_Analysis_Guidelines.pdf),False,,Nanostring
specimenID,specimenID,SpecimenID,Identifying string linked to a particular sample or specimen,True,,Nanostring
platform,platform,Platform,"The specific version (manufacturer, model, etc.) of a technology that is used to carry out a laboratory or computational experiment.",True,"['Affy6.0', 'Infinium Omni2.5Exome-8 v1.3', 'HiSeq3000', 'InfiniumPsychArrayBeadChip', 'Q Exactive', 'IlluminaWholeGenomeDASL', 'Biograph mCT', 'ddSEQ Single-Cell Isolator', 'IlluminaMiSeq', 'MiSeq', 'Q Exactive Plus', 'Illumina_HumanOmni1-Quadv1.0', 'quadrupole time-of-flight', 'NextSeq500', 'NanostringnCounter_MouseADPanel', 'Orbitrap Fusion Lumos', 'Illumina_Omni2.5-8_v1.3', 'Illumina MouseWG-6 v2.0 expression beadchip', 'HiSeq2500', 'orbitrap', 'Biocrates p180', 'HiSeq1000', 'Illumina_h650', 'HiSeqX', 'IlluminaHumanHT-12_V3_0_R1', 'Xevo TQ-S', 'Illumina_Omni5-Quad', 'Infinium Omni2.5Exome-8 v1.4', 'OrbiTrap Fusion', 'PacBio Sequel II', 'Illumina_Omni2.5-8_v1.1', 'LTQOrbitrapXL', 'PsychChip', 'Illumina_1M', 'Olink Target 96', 'IlluminaInfiniumGSAMD-24v2-0', 'SequenomMultiplex', 'Affy5.0', 'HiSeq2000', 'IlluminaMethylationEPIC', 'Illumina_Infinium-HumanMethylation450-BeadChip', 'Affymetrix Human Gene 1.0 ST Array', 'IlluminaHumanHap300', 'Infinium Omni2.5Exome-8 v1.5', 'Illumina_Omni2pt5M', 'Infinium Omni2.5Exome-8 v1.1', 'Perlegen300Karray', 'Illumina_Omni2.5-8', 'Infinium HumanOmniExpressExome', 'Agilent44Karray', 'DNBSEQ', 'Bionano Irys', 'Simoa HD-1 Analyzer', 'Q Exactive HF', 'triple quadrupole', 'IlluminaHumanHap650Yv3_A', 'Signa Premier AIR 3T', 'IlluminaNovaseq6000', 'time-of-flight', 'Xevo G2 QTOF', 'GAIIx', 'HiSeq4000', 'Bruker Avance III', 'AffymetrixU133AB', 'IlluminaHumanMethylation450', 'AffymetrixU133Plus2', 'NanostringnCounter', 'PacBioRSII', 'BGISEQ-500', 'confocalImaging', 'Illumina_Omni5M', 'Illumina NovaSeq 6000']",Nanostring
geneRLF,geneRLF,GeneRLF,Reporter Library File (RLF) used to associate gene names with counts specified by the user in the Cartridge Definition File (https://www.genetics.pitt.edu/sites/default/files/pdfs/nCounter_Gene_Expression_Data_Analysis_Guidelines.pdf),False,,Nanostring
libraryPrep,libraryPrep,LibraryPrep,The general strategy by which the library was prepared,True,"['KapaHyperPrep', 'polyAselection', 'DNALibraryConstruction', 'EndItDNAEndRepairKit', 'proximity ligation', 'cellHashing', 'miRNAenrichment', 'STARRSeqPrepMethod', 'SureCell', 'SPLITseq', 'lncRNAenrichment', 'MULTIseq', 'rRNAdepletion', 'amplicon', 'totalRNA', 'PCRfree']",Nanostring
libraryBatch,libraryBatch,LibraryBatch,Batch library was prepared in,False,,Nanostring
